,carat,color,clarity,z
4249,0.8,3,4,3.66
17365,1.01,1,5,4.04
9737,1.2,6,2,4.2
18567,1.25,4,2,4.3
14304,1.22,2,3,4.22
43582,0.5,0,5,3.17
16175,0.9,1,7,3.8
18040,0.35,1,2,2.83
24246,1.37,3,6,4.44
23264,1.41,1,5,4.46
20220,1.74,4,2,4.72
35418,0.4,3,2,2.88
18132,1.52,5,3,4.59
44412,0.52,3,5,3.17
32348,0.36,1,5,2.82
16882,1.31,5,4,4.19
16803,1.57,6,3,4.59
7511,0.61,0,6,3.38
52971,0.37,4,2,2.85
51223,0.71,0,2,3.63
19602,1.4,4,2,4.44
11546,1.01,4,2,4.02
51938,0.72,5,4,3.62
15517,1.0,3,5,3.99
3460,0.9,3,3,3.8
43489,0.58,4,2,3.28
51293,0.72,1,2,3.62
51312,0.31,3,5,2.69
17743,1.32,5,4,4.24
22147,2.01,5,2,5.06
28679,0.24,1,6,2.46
46887,0.7,3,3,3.52
22679,1.56,4,2,4.65
26457,2.02,4,3,4.93
29169,0.3,2,7,2.66
29894,0.3,0,5,2.62
36364,0.33,2,6,2.76
35723,0.3,0,5,2.66
22434,1.09,2,6,4.07
49876,0.7,4,2,3.47
24069,1.28,1,4,4.26
30415,0.32,3,7,2.73
31098,0.41,5,7,2.96
1741,0.76,4,5,3.6
33612,0.31,0,3,2.75
22029,0.32,3,4,2.58
13753,1.0,2,5,3.94
46061,0.53,0,5,3.16
46204,0.5,0,4,3.16
15695,0.29,3,6,2.66
50039,0.71,5,4,3.59
13047,0.38,5,2,2.82
41416,0.53,4,2,3.24
13871,1.22,6,4,4.22
4932,0.91,0,2,3.9
13782,1.01,3,5,3.96
27891,0.32,5,1,2.74
850,0.83,1,3,3.75
20789,1.5,2,3,4.51
23974,1.21,1,4,4.22
1477,0.75,1,2,3.63
39139,0.41,3,5,2.94
7719,0.26,2,4,2.55
20848,1.5,1,3,4.62
6864,1.01,2,3,3.78
4749,0.84,0,2,3.78
9843,1.05,2,3,4.02
38767,0.31,2,1,2.69
18047,0.35,1,2,2.78
23556,1.51,1,2,4.57
12183,1.21,5,3,4.27
48547,0.72,6,2,3.58
16364,0.33,5,6,2.74
12620,1.0,3,2,3.99
17530,1.0,2,4,3.96
19562,1.04,0,4,4.01
10718,0.31,0,3,2.72
7819,1.0,3,2,4.01
39771,0.36,0,5,2.81
11522,1.01,4,2,3.97
31398,0.3,3,6,2.68
17183,1.21,1,2,4.27
7217,1.01,4,2,3.86
21355,1.28,3,4,4.32
21888,1.52,0,3,4.41
49636,0.32,3,3,2.68
14885,1.01,3,5,3.99
15536,1.5,5,2,4.59
23874,2.03,6,3,5.0
40744,0.51,4,5,3.17
44567,0.52,4,7,3.22
24097,1.5,1,2,4.42
19142,1.21,3,5,4.16
46049,0.5,2,4,3.17
37386,0.4,0,5,2.95
50296,0.27,2,7,2.58
51371,0.85,6,2,3.79
29056,0.4,1,2,2.91
18104,1.02,3,4,3.96
20271,1.2,0,5,4.16
48187,0.91,6,0,3.84
47869,0.52,3,7,3.2
39884,0.42,3,7,2.98
16484,1.01,3,5,3.98
53176,0.71,1,5,3.44
6042,0.32,1,3,2.73
10464,1.08,1,2,3.71
8839,1.01,1,3,4.02
39616,0.35,1,3,2.77
17171,1.09,3,4,4.12
47918,0.57,2,4,3.26
50871,0.81,5,2,3.68
2893,0.92,2,3,3.96
16232,1.15,3,5,4.15
1697,0.91,5,3,3.77
37622,0.44,5,6,3.03
7075,0.33,4,4,2.7
31358,0.41,1,2,2.89
24980,1.75,0,3,4.7
25947,2.01,5,2,5.03
16272,1.01,1,4,4.04
829,0.7,0,5,3.52
35778,0.32,2,6,2.74
24906,2.1,6,5,5.03
3444,0.9,4,2,3.89
32523,0.35,3,7,2.79
35377,0.41,4,7,2.95
25083,1.52,3,5,4.56
52449,0.71,3,5,3.59
2735,0.7,3,6,3.55
15699,0.29,4,1,2.62
13035,0.38,2,3,2.83
46209,0.51,3,7,3.23
35250,0.3,1,6,2.66
442,0.72,1,5,3.47
36594,0.3,2,1,2.67
14164,1.2,4,2,4.24
40860,0.33,1,6,2.75
43998,0.3,5,2,2.65
40357,0.43,2,4,2.98
29730,0.31,4,6,2.68
20990,1.79,6,2,4.76
48132,0.9,3,0,3.82
8128,1.08,5,2,4.08
31431,0.3,4,1,2.66
6251,1.05,1,3,4.04
14063,0.3,3,4,2.69
52437,0.63,1,5,3.37
754,0.9,3,3,3.82
29881,0.3,0,5,2.59
20385,0.31,3,4,2.64
11651,1.01,4,4,3.86
31491,0.34,3,5,2.72
6963,1.0,5,2,3.99
2463,0.7,2,7,3.53
48787,0.62,0,5,3.32
5383,0.34,2,3,2.83
49138,0.56,0,5,3.27
48356,0.56,0,5,3.26
46466,0.53,4,6,3.22
48038,0.68,2,2,3.43
53921,0.7,1,5,3.53
42380,0.71,6,3,3.53
7502,1.04,1,3,3.99
50521,0.7,3,5,3.33
33770,0.32,2,6,2.71
25005,1.5,2,5,4.44
14228,1.04,1,2,3.92
12602,0.75,2,6,3.59
30626,0.28,5,4,2.61
2832,0.78,2,2,3.66
18518,1.36,3,2,4.43
21923,1.54,5,5,4.58
5166,1.02,4,3,3.89
31764,0.35,4,6,2.81
11827,1.0,0,2,4.1
7776,1.02,4,3,4.04
19625,1.51,4,3,4.47
34533,0.33,3,6,2.77
25278,2.26,4,3,5.25
29778,0.3,5,6,2.62
15396,1.12,1,3,4.13
49824,0.7,2,2,3.63
52376,0.71,0,3,3.53
2121,0.9,5,2,3.88
30651,0.32,0,4,2.72
4971,1.51,2,0,4.8
1260,0.74,5,4,3.57
8047,0.25,3,6,2.52
11070,1.01,1,3,3.99
31283,0.32,3,3,2.74
19353,0.4,3,3,2.94
22326,1.16,3,1,4.13
28720,0.31,1,5,2.7
29109,0.34,4,5,2.74
48096,0.51,3,6,3.17
47809,0.71,5,3,3.52
31772,0.32,2,5,2.63
38496,0.42,0,5,3.0
24928,1.71,4,5,4.74
24108,1.13,0,7,4.11
3264,0.78,1,4,3.59
22924,1.5,2,2,4.55
25798,1.5,1,5,4.54
20933,1.01,1,7,4.04
2119,0.91,1,3,3.87
31203,0.32,0,2,2.69
28313,0.32,5,2,2.72
26186,1.51,0,5,4.51
33573,0.3,2,6,2.66
38626,0.31,4,5,2.71
11062,0.35,2,5,2.7
48611,0.51,2,7,3.18
44368,0.51,2,2,3.17
24778,2.02,4,3,4.89
30807,0.3,2,7,2.73
6136,1.13,5,3,4.04
42501,0.57,1,3,3.27
4493,1.0,5,3,3.82
39730,0.45,1,2,3.05
21492,1.2,2,4,4.25
5306,0.97,4,3,3.93
44993,0.31,5,2,2.64
37250,0.4,0,7,2.82
40784,0.4,2,6,2.94
34283,0.23,2,7,2.36
12968,1.12,5,5,4.13
51011,0.74,4,3,3.59
21365,0.42,2,3,3.0
47374,0.57,2,5,3.27
15858,1.2,0,3,4.27
9923,1.21,6,5,4.25
44086,0.52,3,4,3.08
37306,0.31,2,1,2.7
3319,0.71,0,5,3.57
10374,1.19,5,2,4.2
8598,1.03,0,2,4.03
29348,0.31,3,5,2.67
28442,0.31,3,7,2.69
2796,0.77,1,4,3.6
12519,1.22,5,2,4.24
28174,0.35,1,5,2.78
7186,1.15,2,3,4.18
23222,1.53,2,2,4.59
50273,0.7,1,2,3.55
40678,0.4,3,6,2.9
45346,0.59,1,2,3.35
16642,1.1,3,5,4.05
9439,0.9,4,4,3.83
46246,0.53,0,2,3.16
10902,1.18,1,3,4.17
20563,1.28,3,5,4.31
25778,2.58,0,3,5.33
50708,0.77,6,5,3.66
26915,2.53,6,3,5.46
51325,0.31,1,2,2.74
35843,0.4,3,7,2.92
35547,0.35,4,7,2.81
22629,1.57,5,4,4.65
46039,0.57,1,2,3.26
12708,0.26,1,6,2.55
10019,1.11,5,2,4.11
48409,0.72,4,3,3.56
34205,0.33,2,5,2.75
44299,0.6,1,2,3.41
6529,0.9,0,2,3.85
38947,0.31,4,5,2.71
9323,1.18,5,3,4.14
690,0.74,3,2,3.59
45581,0.52,3,4,3.16
27836,0.39,5,5,2.9
6356,1.0,2,3,3.98
48240,0.86,6,3,3.79
8349,1.02,1,3,3.91
52322,0.8,2,3,3.7
21370,0.34,0,2,2.78
30496,0.31,0,2,2.64
42855,0.41,0,7,2.96
22944,1.56,4,2,4.6
48475,0.7,2,3,3.54
40215,0.39,1,4,2.88
26050,1.52,0,5,4.59
30810,0.31,3,6,2.7
36655,0.41,0,7,2.99
2781,0.9,4,3,3.86
36457,0.31,0,5,2.69
36113,0.42,1,2,2.98
603,0.7,2,5,3.45
31953,0.31,5,5,2.7
53624,0.3,0,2,2.68
49441,0.57,1,4,3.28
23900,1.5,3,2,4.51
20938,1.16,3,7,4.11
29604,0.35,2,5,2.82
33132,0.31,3,6,2.66
12801,0.7,1,6,3.53
36703,0.32,3,1,2.65
22931,1.7,5,2,4.65
33814,0.4,5,6,2.89
25414,1.7,4,7,4.77
19574,1.09,2,4,4.05
10488,1.01,2,3,3.92
13456,1.01,1,2,3.94
33708,0.3,1,6,2.66
23292,2.0,5,4,4.8
16411,1.5,3,3,4.54
35720,0.3,0,5,2.66
51657,0.3,3,5,2.69
45643,0.25,3,7,2.5
38429,0.38,2,5,2.87
27451,2.04,4,4,4.94
16554,1.02,4,7,3.99
19199,1.0,3,7,3.98
38287,0.28,2,4,2.6
36374,0.59,3,0,3.26
13282,1.08,2,2,4.04
26275,2.17,5,2,5.13
24016,1.62,5,6,4.64
27817,0.34,3,2,2.82
48279,0.53,0,5,3.2
27306,2.09,4,3,5.0
2861,0.7,2,7,3.49
35713,0.3,0,5,2.65
17295,1.03,3,5,3.98
9038,0.36,5,4,2.85
42318,0.41,2,6,2.98
36455,0.31,0,5,2.71
37632,0.4,0,2,2.9
5925,0.92,1,3,3.85
24236,1.51,3,5,4.48
36602,0.32,0,3,2.75
32783,0.31,0,5,2.72
48140,0.49,0,7,3.06
10004,0.91,1,2,3.84
44883,0.5,1,5,3.14
7746,0.91,2,2,3.92
29552,0.25,2,6,2.5
15467,1.21,4,2,4.21
18211,1.0,1,4,3.86
31349,0.34,1,5,2.78
17731,1.01,3,7,3.99
24987,1.72,2,2,4.8
21237,1.71,5,5,4.76
44279,0.49,1,4,3.0
35176,0.31,3,1,2.7
51250,0.72,1,3,3.59
53851,0.71,4,6,3.53
39176,0.35,0,5,2.8
53705,0.6,2,7,3.32
2161,0.74,3,2,3.57
7880,0.9,3,5,3.89
36863,0.39,2,4,2.9
25398,1.52,3,7,4.57
28334,0.33,3,4,2.72
3958,0.91,3,2,3.87
49593,0.72,6,7,3.51
4833,0.92,0,3,3.93
43116,0.52,4,5,3.23
17145,1.01,3,7,4.04
19967,1.5,0,3,4.55
24095,1.91,5,4,4.78
38246,0.32,1,1,2.71
35671,0.4,3,5,2.94
17980,1.7,4,3,4.75
51615,0.71,4,5,3.55
8769,1.04,3,2,4.05
12135,1.01,4,2,4.0
15894,1.24,3,3,4.22
27503,2.02,4,5,0.0
14110,1.36,6,2,4.36
15942,1.0,3,5,3.98
19214,1.41,4,2,4.44
12038,0.34,1,2,2.82
44611,0.53,1,2,3.21
46822,0.96,4,0,3.68
25652,2.03,5,2,5.06
34268,0.32,5,5,2.74
20152,1.22,3,4,4.25
2051,0.32,4,4,2.72
22535,1.51,3,2,4.43
13984,1.24,4,3,4.25
49112,0.5,0,7,3.04
20701,0.31,4,7,2.67
11645,1.14,4,5,4.07
31207,0.32,0,2,2.66
48601,0.6,0,2,3.3
41884,0.54,5,5,3.24
27902,0.32,1,5,2.69
27890,0.44,2,3,3.03
22287,1.58,5,5,4.59
19264,1.53,4,3,4.54
5683,1.05,1,3,4.03
18843,1.02,3,7,3.99
51106,0.73,4,5,3.59
44286,0.52,3,5,3.23
37288,0.24,1,7,2.51
7089,0.9,1,2,3.65
38135,0.3,3,6,2.71
20475,1.31,3,5,4.28
11963,1.0,4,5,0.0
42282,0.36,3,3,2.86
47359,0.54,4,6,3.24
4773,0.71,2,6,3.51
11087,1.2,6,5,4.23
40104,0.33,3,6,2.71
6486,0.9,3,2,3.85
42852,0.41,0,7,2.95
1220,0.8,1,3,3.59
16738,0.41,3,3,2.93
555,0.9,3,2,3.74
29126,0.3,3,6,2.67
7845,0.93,1,2,3.9
53861,0.71,0,2,3.51
33342,0.41,3,5,2.88
14740,1.01,4,5,3.98
23413,2.0,6,2,4.94
14941,1.2,4,2,4.11
10682,1.03,4,2,4.05
21966,1.5,3,4,4.57
8805,1.01,5,2,4.05
26715,0.32,2,5,2.71
19003,1.11,2,5,4.11
52906,0.77,3,2,3.67
6942,0.82,2,7,3.75
53210,0.77,3,2,3.5
13776,1.18,5,2,4.18
50167,0.73,5,3,3.59
479,0.73,1,5,3.54
34175,0.33,3,4,2.72
43512,0.51,2,5,3.2
633,0.52,2,6,3.18
25644,1.51,3,4,4.52
42009,0.59,4,2,3.33
29567,0.41,1,2,2.97
38877,0.4,0,5,2.86
43112,0.51,1,3,3.18
7367,0.93,4,5,3.86
39665,0.42,3,5,2.9
23772,1.61,5,5,4.67
41325,0.56,4,2,3.29
15624,1.01,0,2,3.93
27057,0.28,3,7,2.56
11246,1.05,1,2,4.09
31807,0.31,0,4,2.71
53593,0.7,3,5,3.5
42434,0.53,0,3,3.19
21381,0.34,0,2,2.73
2898,0.92,2,3,3.74
37536,0.4,1,7,2.93
27919,0.32,1,4,2.66
41365,0.5,4,2,3.13
32395,0.31,1,7,2.71
12969,1.14,6,4,4.13
52459,0.7,2,5,3.65
50882,0.78,4,3,3.68
2179,0.75,1,5,3.56
18592,1.02,2,4,4.02
3469,0.77,2,4,3.56
6937,0.93,0,3,3.83
41837,0.44,2,7,3.01
21179,1.51,6,7,4.52
26029,0.32,2,5,2.75
15848,1.02,0,2,4.0
23028,0.3,4,7,2.67
38060,0.38,0,5,2.88
5972,0.9,2,2,3.84
22902,1.61,4,2,4.68
50696,0.44,0,6,3.0
5789,0.82,1,5,3.71
37275,0.3,6,7,2.54
47519,0.38,0,6,2.85
10623,1.07,4,5,3.93
6221,1.01,2,3,4.01
32801,0.34,0,5,2.81
31313,0.32,0,5,2.75
6520,0.91,4,4,3.8
19468,1.34,4,5,4.24
44077,0.51,2,5,3.2
23180,1.6,3,2,4.63
45890,0.57,4,4,3.29
44683,0.5,0,2,3.17
11757,0.93,0,5,3.65
13151,1.19,5,5,4.2
50789,0.7,3,2,3.55
1928,0.72,2,4,3.61
38115,0.3,4,1,2.69
40297,0.4,3,4,2.95
45949,0.56,2,5,3.28
24251,1.51,2,2,4.56
53858,0.71,0,2,3.6
20798,1.6,6,4,4.6
9306,1.01,4,2,4.01
11918,1.16,6,2,4.18
27954,0.27,5,4,2.61
47837,0.7,6,5,3.49
5515,1.08,5,3,4.08
7061,0.33,5,7,2.7
27046,0.32,4,7,2.75
50869,0.7,2,2,3.47
16654,1.21,2,2,4.19
12288,1.02,4,5,4.02
12241,1.01,4,2,3.92
41916,0.52,5,4,3.18
8176,1.05,2,3,4.07
16255,1.35,4,5,4.34
40180,0.44,4,6,2.97
41912,0.42,1,7,2.91
2984,0.77,3,5,3.66
2131,0.92,5,2,3.7
13366,0.24,2,4,2.47
27621,2.37,6,2,5.29
19204,1.37,3,5,4.36
4168,1.04,5,3,4.02
44201,0.51,2,5,3.21
35880,0.32,3,1,2.75
8373,0.31,2,5,2.69
35004,0.42,3,2,2.96
8832,1.02,5,4,4.01
11709,0.34,3,5,2.76
38272,0.26,5,5,2.55
4528,1.12,6,5,4.11
14756,1.01,0,2,3.97
29288,0.31,3,3,2.72
22622,1.7,5,2,4.67
13707,1.07,1,3,4.06
27456,2.45,6,5,5.3
51228,0.7,4,5,3.43
47743,0.59,3,2,3.32
37866,0.46,2,2,3.11
10012,1.01,4,2,4.01
6319,1.01,2,3,3.96
39538,0.4,2,5,2.9
33401,0.47,1,2,3.12
53836,0.85,0,3,3.68
51357,0.7,4,4,3.48
6059,0.32,5,5,2.71
25007,2.14,3,3,5.06
34590,0.34,6,4,2.79
41104,0.46,1,5,3.05
36693,0.39,3,7,2.9
13902,1.05,4,4,4.07
50685,0.74,4,3,3.57
23801,1.5,0,2,4.5
26355,0.32,3,4,2.68
19248,1.01,2,4,3.95
21077,1.7,6,2,4.8
50596,0.71,3,2,3.53
709,0.73,2,5,3.58
30590,0.31,1,4,2.68
19281,1.23,4,7,4.31
30439,0.32,3,7,2.75
36910,0.42,5,1,3.0
45761,0.56,2,5,3.23
46900,0.56,0,2,3.21
19650,1.31,4,5,4.35
48067,0.51,0,5,3.06
47100,0.51,0,4,3.16
27120,2.05,4,2,5.06
53124,0.82,4,2,3.76
41990,0.43,3,6,2.99
16667,1.06,3,4,4.1
27259,2.01,1,2,5.06
14574,1.2,5,5,4.23
18009,1.22,4,4,4.12
5959,0.9,2,2,3.81
30089,0.32,4,4,2.67
22173,1.5,1,2,4.55
30113,0.32,3,5,2.73
4252,0.91,5,5,3.85
6308,0.83,1,2,3.73
6429,1.01,4,4,4.14
16344,1.29,5,5,4.3
15805,1.07,3,5,4.03
26818,2.53,5,2,5.39
2759,0.93,6,5,3.9
47632,0.51,0,5,3.15
3382,0.31,5,2,2.68
16587,1.01,2,4,3.95
33207,0.4,6,2,2.93
26776,1.71,3,4,4.76
37108,0.38,2,5,2.89
29611,0.27,3,5,2.58
22632,1.21,3,4,4.2
41210,0.51,1,3,3.14
42632,0.58,4,2,3.21
32216,0.31,3,6,2.69
17347,1.12,4,2,4.11
29594,0.32,0,2,2.71
20292,1.13,3,6,4.05
46008,0.54,1,5,3.21
34707,0.37,1,4,2.86
25213,2.18,6,2,5.18
37908,0.41,2,4,2.92
21402,1.14,1,5,4.17
30238,0.33,1,5,2.74
23862,1.34,3,7,4.37
44783,0.51,0,5,3.18
53903,0.75,1,2,3.66
10663,1.2,5,3,4.18
10140,1.04,3,2,3.94
5923,0.93,2,3,3.86
25242,1.5,2,5,4.61
8914,1.07,4,3,4.01
13915,1.29,5,4,4.28
17332,1.2,2,2,4.18
19301,1.14,2,5,4.14
53428,0.7,2,2,3.49
28419,0.43,4,2,2.98
8674,1.02,5,2,3.98
14567,1.04,2,2,3.93
53304,0.3,0,2,2.68
2997,0.9,3,3,3.84
41399,0.52,4,2,3.18
17194,1.0,0,5,3.9
51726,0.7,2,2,3.57
23387,0.3,5,1,2.68
6885,1.06,5,3,4.09
20526,1.52,5,2,4.5
11469,1.17,3,3,4.2
11572,1.02,2,2,3.86
50730,0.72,3,3,3.6
44157,0.7,2,3,3.63
34464,0.31,1,6,2.66
1978,0.7,0,5,3.5
42393,0.46,2,6,3.19
5195,0.73,3,7,3.59
19157,1.11,3,4,4.11
487,0.7,1,4,3.48
32080,0.33,0,5,2.79
41046,0.5,6,5,3.15
12232,1.02,0,2,3.8
1054,0.25,2,4,2.56
19381,1.51,2,3,4.6
21164,1.0,1,7,3.95
27985,0.3,1,5,2.66
36461,0.31,0,5,2.67
6462,0.71,1,4,3.54
7355,1.12,0,0,4.09
36527,0.42,5,6,2.93
49655,0.7,3,3,3.49
44385,0.41,0,6,2.97
18699,0.41,0,3,2.87
19151,1.21,2,5,4.26
51010,0.73,5,5,3.59
5993,0.71,3,6,3.53
35851,0.33,1,6,2.75
41899,0.54,2,2,3.23
31310,0.32,0,5,2.72
50953,0.95,6,0,3.99
46294,0.3,1,5,2.71
38486,0.42,2,4,2.95
51903,0.73,3,2,3.55
40965,0.49,2,2,3.04
11874,1.5,6,3,4.56
11364,1.1,3,2,4.01
1886,0.72,0,5,3.57
43673,0.5,0,2,3.18
49483,0.7,1,3,3.45
17771,1.56,5,2,4.57
36839,0.37,3,4,2.76
18976,1.0,0,4,3.96
23692,1.5,0,2,4.59
8921,1.0,1,3,4.0
42532,0.4,0,7,2.96
33898,0.3,1,5,2.64
304,0.6,3,1,3.35
42124,0.56,2,3,3.26
35525,0.32,4,6,2.72
28471,0.32,4,4,2.7
15795,1.14,2,2,4.11
52738,0.73,1,3,3.54
20461,1.17,2,4,4.2
22842,1.14,2,6,4.11
38560,0.5,3,3,3.25
32055,0.28,1,7,2.54
46507,0.51,0,4,3.19
45382,0.5,2,4,3.08
5711,0.25,2,7,2.48
20523,1.52,5,2,4.64
35824,0.48,3,2,3.16
52550,0.81,4,2,3.67
42301,0.44,0,4,3.01
53585,0.88,5,2,3.83
12098,1.16,2,3,4.18
4532,0.91,1,3,3.82
15936,1.05,0,5,4.06
2807,0.72,2,4,3.61
28790,0.37,5,6,2.85
37752,0.38,2,4,2.86
35962,0.28,4,4,2.6
40493,0.42,2,7,2.95
47928,0.56,1,5,3.25
51946,0.71,1,2,3.46
5978,0.9,2,3,3.78
28750,0.31,1,5,2.65
23958,1.32,3,4,4.32
41097,0.58,5,2,3.31
31964,0.26,2,4,2.51
9308,0.94,0,2,3.9
7207,0.91,1,2,3.74
18953,1.05,0,5,3.94
19159,1.08,2,5,4.1
13640,1.08,4,4,3.99
12745,1.33,3,3,4.26
7473,1.2,6,2,4.24
44320,0.33,4,5,2.72
32481,0.3,1,5,2.66
2825,0.81,3,4,3.69
44587,0.58,0,3,3.3
35501,0.41,1,2,2.94
1782,0.66,0,7,3.45
52101,0.69,2,2,3.51
51671,0.72,1,3,3.57
46360,0.63,4,4,3.25
10213,1.16,5,2,4.14
16733,0.41,3,3,3.0
42145,0.51,3,2,3.18
40931,0.3,1,2,2.65
27350,2.08,5,5,5.06
5356,0.93,4,2,3.86
32925,0.42,0,2,2.97
25181,2.05,3,2,5.06
26467,3.01,6,3,5.69
53556,0.76,2,3,3.62
32264,0.3,4,1,2.66
12821,1.21,5,2,4.25
18541,1.51,6,5,4.54
22169,1.12,2,7,4.13
45937,0.42,2,1,2.93
37153,0.36,5,1,2.76
40770,0.41,1,4,3.02
20261,1.53,3,3,4.39
49753,0.72,2,3,3.51
16843,1.5,3,3,4.34
38819,0.38,1,6,2.81
34684,0.4,3,2,2.94
6334,1.0,4,3,3.94
47139,0.51,1,4,3.17
8121,1.18,6,3,4.21
50733,0.74,2,3,3.51
41770,0.54,1,3,3.2
46766,0.5,1,4,3.1
30440,0.32,3,7,2.71
19953,1.15,3,7,4.02
9206,1.26,5,3,4.35
10670,1.01,4,5,3.89
16984,1.25,4,2,4.28
11500,1.05,3,2,3.96
27020,2.02,5,4,4.95
48244,0.56,1,4,3.2
34120,0.38,1,5,2.89
37494,0.35,1,5,2.8
11389,0.34,3,5,2.73
2418,0.91,4,2,3.92
14075,1.03,1,2,4.05
27795,0.37,3,5,2.78
34081,0.36,0,5,2.75
7904,1.01,5,2,4.0
28889,0.3,3,7,2.71
38021,0.39,3,5,2.95
41183,0.4,0,4,2.95
46765,0.53,1,5,3.21
39296,0.3,4,5,2.67
10476,1.22,6,5,4.24
25070,1.16,2,6,4.17
46578,0.58,0,2,3.26
48214,0.57,4,6,3.27
46329,0.58,1,5,3.34
24167,2.0,6,3,4.99
15999,1.37,5,3,4.42
12202,1.23,5,3,4.27
27098,2.05,1,3,4.97
41799,0.4,1,4,2.95
17596,1.22,1,2,4.26
19828,1.51,5,2,4.45
12447,1.12,0,3,4.02
48672,0.5,1,7,3.1
13835,1.0,0,2,3.98
52858,0.72,3,5,3.6
34262,0.23,1,7,2.47
49139,0.51,0,4,3.17
16779,1.02,3,4,4.0
572,0.61,2,7,3.37
28516,0.31,0,4,2.69
25729,2.5,6,3,5.55
42151,0.5,5,4,3.16
43935,0.3,3,5,2.57
10706,1.09,4,2,4.05
7100,1.17,2,3,4.1
13495,0.7,0,7,3.53
23363,0.23,1,5,2.44
28380,0.33,5,4,2.69
38838,0.52,3,3,3.23
14515,1.0,3,4,4.02
17474,1.34,5,4,4.38
36224,0.36,1,4,2.82
45207,0.51,3,4,3.18
32351,0.3,1,7,2.66
6878,0.9,0,2,3.78
10295,0.91,1,5,3.84
6344,0.9,4,5,3.83
47087,0.7,6,3,3.49
56,0.3,6,3,2.61
34458,0.34,0,4,2.76
20655,1.53,6,4,4.59
43845,0.4,2,6,2.91
47157,0.55,3,5,3.24
13327,1.01,2,5,4.07
28851,0.41,0,3,2.93
35796,0.34,4,1,2.8
401,0.3,4,2,2.67
29671,0.28,2,7,2.59
41015,0.51,2,2,3.22
13459,1.13,3,2,4.18
4289,0.92,1,2,3.92
16933,1.0,0,5,3.97
41346,0.4,1,6,2.87
4934,0.91,0,2,3.89
10961,1.18,2,3,3.95
30571,0.31,0,5,2.67
28243,0.33,2,5,2.74
12504,0.91,3,7,3.83
44536,0.7,5,3,3.49
42778,0.48,1,2,3.14
12547,1.01,0,2,3.76
715,1.02,4,3,3.98
21405,1.5,5,4,4.53
24073,2.01,4,3,4.76
1147,0.72,1,5,3.6
5564,1.0,2,3,3.9
7953,1.01,4,2,3.86
35352,0.42,1,3,2.99
4598,1.02,4,3,4.09
6523,0.91,0,3,3.9
5170,0.91,1,3,3.85
11826,1.08,1,2,4.1
39349,0.35,2,1,2.78
40574,0.48,1,2,3.05
44234,0.62,3,2,3.31
35225,0.33,2,6,2.73
46856,0.54,2,4,3.2
21670,1.96,4,3,4.79
31382,0.3,0,5,2.69
51920,0.7,2,5,3.53
49254,0.7,3,3,3.51
42935,0.32,5,4,2.71
35609,0.31,3,7,2.67
30290,0.3,3,2,2.6
52719,0.79,2,3,3.68
19019,1.01,2,7,3.9
30780,0.4,0,2,2.95
2326,0.91,6,3,3.85
26100,3.04,5,3,5.75
4495,0.72,0,4,3.58
2956,0.82,1,2,3.74
31554,0.38,5,7,2.9
7658,1.21,6,3,4.32
26583,1.64,3,5,4.68
17618,1.56,6,5,4.38
20885,1.62,2,3,4.64
44118,0.5,1,5,3.2
30778,0.3,0,7,2.63
36295,0.34,4,2,2.78
41873,0.38,0,7,2.83
20082,1.33,4,4,4.27
21403,1.57,6,7,4.59
15502,1.2,2,4,4.23
20839,1.15,3,7,4.2
46621,0.3,3,5,2.64
42542,0.6,2,2,3.37
48355,0.56,0,5,3.25
24947,1.31,3,6,4.36
37953,0.41,2,4,2.84
43923,0.28,4,7,2.61
7902,1.0,4,3,3.95
49082,0.7,1,3,3.55
30691,0.4,2,2,2.94
24765,1.54,3,5,4.58
49041,0.5,1,4,3.15
33921,0.3,1,5,2.68
9506,1.16,3,2,4.3
39201,0.32,0,6,2.71
13766,1.04,1,2,4.06
35595,0.31,4,6,2.65
45301,0.31,2,3,2.74
25185,1.51,2,5,4.56
40321,0.5,6,2,3.11
12939,1.09,2,2,4.1
36309,0.32,4,6,2.72
29709,0.31,4,6,2.71
44891,0.5,1,5,3.19
29572,0.41,2,2,3.0
52995,0.73,5,4,3.56
35393,0.41,3,4,2.94
3183,0.74,2,4,3.61
9958,1.09,4,3,4.08
38478,0.42,3,7,2.95
42477,0.5,0,2,3.16
21287,1.7,4,3,4.7
26190,2.04,5,3,4.97
29844,0.3,0,5,2.62
22690,0.36,2,5,2.82
9498,0.91,5,6,3.83
7344,1.01,5,2,4.01
28126,0.29,2,7,2.6
21399,1.51,1,3,4.57
40564,0.41,3,6,2.96
31920,0.3,3,4,2.68
63,0.3,0,2,2.68
52774,0.71,0,3,3.53
8755,0.91,0,2,3.76
23570,2.18,4,3,5.18
19026,0.32,4,4,2.73
24333,1.52,3,5,4.53
20617,1.51,1,3,4.5
40066,0.43,3,5,2.98
33749,0.31,2,6,2.72
11595,1.22,6,2,4.24
17735,1.51,6,4,4.65
27433,2.28,4,3,5.23
12380,0.3,3,7,2.62
41228,0.43,3,6,2.99
32218,0.31,3,6,2.73
41113,0.51,4,5,3.21
29742,0.32,4,6,2.73
38914,0.33,3,1,2.74
43262,0.3,6,4,2.66
15687,1.3,5,5,4.32
53720,0.83,4,2,3.75
50612,0.26,4,4,2.54
29422,0.38,4,5,2.89
7787,1.02,1,3,3.86
31887,0.3,3,4,2.65
25424,1.51,2,5,4.55
49279,0.54,2,4,3.27
23981,1.75,5,5,4.75
49184,0.56,1,4,3.27
44899,0.5,1,5,3.16
42555,0.42,2,6,2.96
6925,0.91,1,2,3.85
4023,0.96,3,2,3.67
33138,0.31,3,6,2.61
18380,0.31,3,4,2.65
42462,0.5,1,2,3.1
37594,0.24,1,7,2.48
47971,0.26,1,6,2.54
18019,1.01,3,4,3.95
27199,2.14,3,3,5.04
7476,1.07,6,2,4.06
37187,0.32,0,6,2.71
10334,1.01,1,2,3.99
23560,1.21,3,6,4.22
5353,0.73,1,7,3.43
50897,0.73,1,2,3.66
48650,0.34,4,5,2.74
23990,1.5,4,4,4.41
19344,1.5,4,4,4.68
33801,0.4,2,5,2.92
11724,0.34,4,4,2.79
311,0.74,3,4,3.59
52872,0.55,2,7,3.29
21187,1.22,3,4,4.24
18973,1.21,4,2,4.21
17751,1.31,3,2,4.4
14763,1.23,5,4,4.33
50044,0.7,5,5,3.52
21311,1.52,5,5,4.55
31596,0.2,2,5,2.33
16528,1.26,3,4,4.3
17701,0.32,3,2,2.71
23600,1.61,4,5,4.57
2918,0.91,3,3,3.84
23452,1.5,0,2,4.44
44025,0.51,1,2,3.15
45787,0.64,6,7,3.43
45168,0.53,1,2,3.23
21778,1.21,2,4,4.22
14342,1.22,5,2,4.17
11,0.23,6,4,2.46
13061,1.03,1,2,4.02
41182,0.4,0,4,2.93
47523,0.57,3,4,3.3
29021,0.31,3,7,2.73
36705,0.46,5,5,3.07
43601,0.31,1,2,2.67
53725,0.72,0,5,3.49
26595,1.54,3,6,4.54
4551,0.9,6,4,3.84
49693,0.51,1,7,3.19
27813,0.28,3,1,2.58
13860,1.0,0,2,3.99
18957,1.02,3,6,4.04
15723,1.04,3,5,4.05
52068,0.54,2,7,3.25
4238,1.0,1,3,4.08
32877,0.36,1,2,2.83
7674,1.09,5,2,3.9
26562,1.23,0,6,4.28
21949,1.04,1,7,4.08
23846,1.23,2,7,4.27
16881,1.02,3,7,4.07
45992,0.7,1,3,3.37
9919,1.13,4,2,4.2
31262,0.32,4,2,2.68
16449,1.2,4,2,4.22
4666,1.13,4,3,4.11
61,0.3,0,2,2.66
4323,0.8,0,2,3.71
36970,0.39,1,7,2.91
27958,0.27,5,4,2.56
39952,0.33,0,3,2.76
21346,1.23,2,4,4.24
44202,0.51,2,5,3.16
19418,1.24,1,2,4.24
28983,0.31,0,5,2.66
42498,0.52,0,3,3.18
38573,0.4,4,4,2.94
46565,0.53,0,5,3.17
6703,0.25,0,4,2.51
5569,1.04,5,3,4.03
28355,0.34,4,7,2.77
12604,1.01,3,5,3.95
14637,1.01,4,5,3.86
18463,1.54,5,2,4.57
34520,0.33,3,6,2.74
52967,0.24,2,7,2.47
21335,1.57,5,5,4.62
36189,0.47,3,2,3.12
31704,0.36,2,2,2.83
2946,1.0,6,3,3.95
29928,0.43,1,0,2.9
20901,1.55,5,2,4.61
43026,0.46,1,4,3.05
41101,0.51,2,2,3.3
12282,1.33,4,3,4.36
9990,1.2,6,4,4.18
2989,0.73,4,1,3.6
49295,0.3,4,4,2.68
36053,0.31,1,6,2.68
28116,0.36,0,2,2.86
13197,1.02,4,2,3.97
21907,1.71,4,4,4.8
53112,0.54,1,7,3.26
44038,0.52,0,2,3.19
27452,1.7,3,5,4.74
26153,2.18,6,5,5.07
19222,1.3,1,2,4.22
21812,1.24,2,4,4.15
52478,0.77,1,3,3.63
5202,1.04,0,3,4.01
26831,2.01,4,2,4.93
41538,0.42,0,4,2.96
43223,0.4,3,1,2.89
21529,1.51,0,3,4.45
23883,1.67,5,4,4.7
17576,1.02,2,5,4.02
15611,1.0,1,5,3.96
25774,2.11,5,2,5.13
40403,0.54,3,3,3.24
51352,0.71,3,2,3.59
21815,1.34,3,4,4.43
8472,1.01,2,3,3.98
3637,0.74,3,5,3.57
9954,1.09,2,3,4.02
35450,0.32,1,5,2.75
19527,1.02,3,1,4.0
21084,1.63,5,2,4.73
50334,0.55,2,7,3.28
24779,2.13,6,3,5.13
35342,0.42,4,2,3.02
42813,0.52,2,2,3.16
29896,0.3,1,4,2.64
1882,0.9,5,7,3.93
26406,2.0,5,5,4.8
12513,1.16,4,3,4.18
32864,0.35,5,1,2.81
23084,1.58,5,2,4.62
48102,0.5,3,7,3.08
46265,0.54,1,5,3.23
6714,0.3,0,3,2.66
462,0.7,1,5,3.52
25905,2.1,4,2,5.09
28521,0.41,1,2,2.9
49676,0.6,2,7,3.39
41641,0.4,1,7,2.94
5955,0.9,2,2,3.88
22196,1.61,5,2,4.68
36147,0.33,1,5,2.74
44140,0.51,2,5,3.14
27232,1.38,2,1,4.28
1082,0.7,0,5,3.49
2707,0.39,4,3,2.88
47366,0.78,4,3,3.6
51752,0.7,1,3,3.46
38717,0.41,3,5,2.93
38561,0.35,0,4,2.79
23034,0.33,3,2,2.71
6381,0.25,1,7,2.52
11244,1.1,5,4,4.16
2218,0.71,0,4,3.41
15760,1.02,3,4,4.01
8931,1.01,2,3,3.94
32835,0.35,3,5,2.8
43051,0.41,0,6,2.95
5263,0.82,1,5,3.67
34953,0.29,3,5,2.63
15213,1.01,3,5,3.98
26480,1.6,3,7,4.57
9423,1.01,3,2,3.98
8489,0.9,1,5,3.86
23247,1.51,3,2,4.56
10545,0.97,2,2,3.82
19556,1.5,1,3,4.43
37474,0.42,3,4,2.99
10595,1.07,1,3,4.05
39281,0.3,4,5,2.68
530,0.7,1,4,3.5
25484,1.7,4,4,4.72
33101,0.32,1,7,2.74
21599,1.52,4,2,4.52
19425,1.0,0,4,3.9
47098,0.57,1,5,3.25
38665,0.33,3,6,2.76
432,0.55,0,6,3.23
35686,0.3,0,5,2.65
2703,0.31,3,5,2.68
41415,0.4,0,5,2.94
15540,1.21,4,2,4.16
231,0.79,4,4,3.75
488,0.72,1,5,3.51
25661,1.52,1,5,4.54
32923,0.37,4,6,2.85
9447,1.02,2,2,4.02
41913,0.6,6,5,3.29
7620,1.01,0,3,4.04
48130,0.9,3,0,3.92
17712,0.41,6,5,2.97
52731,0.88,5,2,3.73
8025,1.01,2,3,3.95
23699,1.01,0,6,4.01
46221,0.5,0,5,3.14
23611,1.72,1,3,4.71
43425,0.35,3,5,3.66
37122,0.42,0,2,3.01
51197,0.61,3,7,3.38
3872,0.9,4,3,3.84
9926,1.01,1,2,4.02
24430,1.6,4,4,4.64
5733,0.9,4,5,3.88
6510,1.12,6,2,4.15
11112,1.14,3,3,4.06
30874,0.33,3,5,2.74
25255,2.03,6,5,5.04
42431,0.54,2,2,3.3
41919,0.48,3,4,2.97
4496,0.9,3,2,3.9
26253,2.01,5,2,4.99
51257,0.54,2,6,3.22
35360,0.38,5,4,2.84
32301,0.37,6,5,2.83
9933,1.01,4,5,3.99
49564,0.66,4,4,3.43
18727,1.0,3,4,4.01
38537,0.34,0,5,2.74
31815,0.38,3,5,2.88
32379,0.39,6,4,2.94
53909,0.7,1,2,3.54
48338,0.5,2,7,3.16
15498,1.0,2,5,3.93
5705,0.3,0,3,2.64
35216,0.3,2,1,2.65
51003,0.71,4,2,3.58
1640,0.7,3,4,3.5
25035,0.34,1,2,2.73
4805,0.9,2,2,3.86
32704,0.31,2,5,2.69
32732,0.31,2,5,2.73
29494,0.32,1,5,2.74
30444,0.29,2,6,2.65
12805,1.14,6,4,4.14
33910,0.3,1,5,2.66
23198,1.52,4,5,4.52
20989,1.02,2,7,3.94
36924,0.41,3,4,2.92
44734,0.57,3,5,3.31
42918,0.53,2,2,3.28
43983,0.28,4,5,2.55
14881,1.82,4,0,5.04
36151,0.33,1,5,2.75
14394,0.3,3,4,2.69
838,0.8,3,2,3.64
44109,0.51,3,5,3.19
28958,0.25,1,4,2.5
42561,0.42,0,7,2.97
21353,1.02,1,6,4.02
10804,0.99,3,2,3.99
12128,1.25,6,5,4.27
18945,1.21,4,1,4.17
23342,0.3,4,3,2.69
51682,0.74,3,3,3.63
37226,0.4,1,5,2.94
2571,0.77,2,4,3.54
52481,0.73,5,7,3.54
11472,0.9,4,4,3.81
40633,0.41,1,4,2.95
24597,1.52,1,2,4.56
51980,0.3,0,2,2.64
17046,0.32,1,5,2.72
35169,0.31,3,1,2.7
18265,1.51,6,5,4.55
35664,0.32,0,5,2.68
35147,0.35,0,4,2.79
50046,0.59,1,4,3.32
47462,0.55,2,4,3.24
38793,0.31,3,6,2.69
11658,1.07,4,2,4.06
48679,0.51,3,6,3.16
40014,0.37,0,6,2.87
16362,0.33,0,2,2.77
27724,2.01,3,2,5.05
14553,1.25,4,3,4.3
391,0.32,5,2,2.74
21864,1.54,2,2,4.61
16293,1.0,1,5,3.99
19678,1.03,1,4,4.01
25099,1.76,4,5,4.79
48093,0.62,3,4,3.33
8626,0.93,0,2,3.8
47307,0.24,5,4,2.46
26201,2.22,3,3,5.14
158,0.73,3,4,3.55
25789,2.04,5,2,4.92
6359,0.91,2,2,3.82
40712,0.53,4,2,3.16
25236,1.54,3,4,4.59
41982,0.51,0,3,3.21
2474,1.0,4,3,3.94
826,0.7,4,6,3.54
11836,1.0,0,2,3.83
15133,1.25,5,5,4.23
36233,0.42,3,7,2.95
15118,1.24,5,5,4.27
45600,0.5,3,7,3.1
17764,1.05,2,5,4.06
34928,0.32,6,2,2.74
29811,0.3,0,2,2.66
44649,0.28,3,7,2.62
41150,0.6,3,2,3.46
28339,0.33,3,4,2.77
10939,1.01,2,2,4.05
1743,0.73,1,2,3.59
2482,0.9,4,3,3.87
40236,0.39,2,6,2.94
40077,0.33,1,7,2.7
19692,0.3,3,4,2.66
40762,0.46,5,6,3.1
10520,1.04,1,3,4.03
14569,1.01,1,5,3.89
49166,0.71,2,3,3.58
46775,0.53,2,5,3.19
22477,1.7,5,2,4.62
3044,0.27,3,6,2.53
15828,1.04,3,5,4.01
10121,1.01,3,2,3.92
51947,0.71,1,2,3.44
20441,1.51,3,5,4.27
45187,0.51,3,4,3.17
11716,0.34,3,5,2.78
31178,0.32,1,4,2.67
35101,0.3,2,1,2.65
23687,1.51,3,5,4.64
10872,1.1,5,4,4.06
5037,1.03,5,2,3.99
39276,0.34,4,2,2.76
46558,0.51,2,5,3.11
46155,0.5,3,4,3.18
36872,0.42,1,5,2.99
42615,0.36,1,3,2.83
13216,1.2,5,2,4.22
29873,0.3,0,5,2.65
5089,1.02,2,3,4.1
34889,0.35,2,5,2.75
17425,1.08,3,4,4.1
6892,1.1,5,2,4.12
42736,0.51,1,2,3.18
12612,1.02,3,2,3.97
28430,0.3,0,5,2.64
7909,1.07,5,2,3.99
39610,0.3,4,4,2.66
26533,2.02,5,2,4.94
50378,0.75,3,3,3.62
14287,1.09,3,5,3.99
2658,0.7,3,7,3.49
228,0.75,2,2,3.6
49444,0.7,5,2,3.54
52854,0.59,1,5,3.36
39737,0.37,2,1,2.85
19700,0.37,6,4,2.88
9747,1.04,5,2,4.01
44513,0.52,0,2,3.18
17793,1.14,3,5,4.12
41559,0.54,2,2,3.22
26698,0.29,5,5,2.63
12987,1.0,1,2,3.97
53085,0.57,3,6,3.28
36013,0.39,6,6,2.89
52075,0.71,5,6,3.59
13817,1.0,1,2,3.89
19720,1.23,3,4,4.15
21590,1.12,0,4,4.1
27142,1.79,3,5,4.81
35819,0.31,2,1,2.69
47973,0.3,5,7,2.69
20454,1.1,0,5,3.95
34792,0.4,4,7,2.98
21621,1.01,1,7,3.99
21930,1.23,3,7,4.23
121,0.74,1,2,3.62
15638,1.01,2,5,3.92
17504,1.21,5,4,4.23
43066,0.54,0,3,3.13
27386,0.41,6,4,2.89
35400,0.41,3,5,2.97
37310,0.31,2,1,2.67
43889,0.54,4,4,3.23
15503,1.5,5,3,4.75
24079,1.51,1,2,4.49
48990,0.72,5,4,3.56
10424,1.24,6,3,4.21
29745,0.32,4,6,2.75
46875,0.53,1,5,3.2
48408,0.72,4,3,3.61
2637,0.71,4,4,3.54
13808,1.15,5,4,4.18
30281,0.34,5,2,2.71
45217,0.51,1,5,3.18
51675,0.72,4,2,3.58
46528,0.51,3,4,3.17
17387,0.32,3,2,2.69
12378,0.36,6,2,2.83
27397,2.05,2,3,5.06
36754,0.33,0,7,2.72
45225,0.54,2,4,3.17
18913,1.05,1,4,4.05
19612,1.2,2,5,4.18
44922,0.74,1,3,3.67
17602,1.21,1,2,4.26
1194,0.75,2,5,3.64
5666,1.11,5,3,4.17
8277,1.02,0,3,3.87
22518,1.31,3,4,4.37
49982,0.73,2,2,3.51
26469,2.03,6,7,5.0
15472,1.01,2,5,3.91
40044,0.52,2,2,3.2
31517,0.34,1,2,2.77
45210,0.51,3,4,3.17
28496,0.3,2,4,2.67
11144,0.9,1,2,3.84
14016,1.01,3,5,4.05
30950,0.32,1,3,2.73
48689,0.72,6,4,3.59
14433,0.9,2,5,3.79
6037,0.33,0,2,2.77
18967,1.01,3,6,3.95
25832,1.7,3,5,4.82
1373,0.7,5,6,3.53
53889,0.8,3,3,3.69
2321,0.72,2,4,3.55
28881,0.39,5,3,2.88
38052,0.4,2,7,2.89
37325,0.36,4,1,2.82
43078,0.5,2,2,3.06
42524,0.4,2,6,2.89
11683,1.01,4,4,3.87
33596,0.37,3,5,2.84
35422,0.4,3,2,2.94
34485,0.43,4,4,2.98
41761,0.42,3,6,3.01
41578,0.5,1,2,3.12
52083,0.77,4,2,3.46
13259,1.16,4,2,4.1
32444,0.43,2,2,3.01
40069,0.43,3,5,3.01
40912,0.42,3,6,2.98
26016,0.3,0,4,2.71
20406,1.51,6,7,4.57
13440,1.06,2,2,4.1
13851,1.0,3,5,3.98
31071,0.33,3,7,2.74
15228,1.06,1,2,4.05
20827,1.5,5,5,4.55
25406,2.01,6,2,4.97
25345,2.03,5,3,5.05
35275,0.4,0,5,2.95
24866,1.54,3,4,4.55
32060,0.33,0,2,2.7
9398,1.03,2,3,3.94
35387,0.41,3,4,2.93
5746,1.0,0,3,4.06
31372,0.42,0,2,3.01
11686,1.37,6,3,4.33
43814,0.51,1,2,3.19
52088,0.71,1,3,3.56
10882,1.21,5,3,4.29
14516,1.01,3,5,3.91
26675,0.3,0,3,2.68
7271,1.04,3,3,3.99
41024,0.5,3,2,3.18
37227,0.4,1,5,2.93
42416,0.66,2,3,3.47
45281,0.55,3,5,3.24
4710,0.31,5,6,2.68
10385,0.38,5,2,2.88
26833,2.01,4,2,5.12
18391,1.11,2,5,4.11
23089,1.47,3,5,4.55
464,0.7,1,5,3.54
7748,0.61,0,6,3.38
51996,0.7,5,4,3.47
47732,0.7,5,2,3.56
22567,1.5,3,2,4.55
18110,1.25,4,4,4.29
28635,0.33,3,3,2.76
40438,0.52,0,3,3.21
44195,0.51,2,5,3.21
34616,0.27,1,4,2.55
46082,0.5,2,4,3.16
38342,0.32,3,1,2.76
37179,0.32,0,5,2.74
51133,0.53,0,4,3.21
46975,0.23,2,7,2.39
3211,0.7,2,6,3.49
53450,0.7,3,4,3.44
37608,0.24,2,6,2.46
36164,0.38,3,7,2.88
38750,0.35,1,6,2.76
6800,0.98,3,3,3.97
24926,2.07,2,3,4.99
30717,0.37,2,2,2.91
42528,0.4,2,6,2.91
5884,1.02,5,2,4.02
52697,0.7,1,5,3.56
18743,1.34,4,2,4.41
14898,1.7,2,0,4.78
46699,0.5,0,6,3.28
15717,0.36,3,3,2.83
434,0.74,3,4,3.58
10357,1.11,5,2,4.13
5913,0.84,3,5,3.77
26911,1.54,0,5,4.58
46796,0.5,3,7,3.22
12541,1.5,6,3,4.51
25009,2.0,6,5,4.76
31316,0.32,0,5,2.7
1490,0.83,0,2,3.69
15382,0.41,6,5,3.01
21250,1.19,3,7,4.2
6966,1.14,4,3,4.18
4267,0.8,4,4,3.69
2415,0.72,4,6,3.52
7165,0.9,2,2,3.83
45861,0.5,2,4,3.13
51097,0.7,4,2,3.54
15325,1.33,0,3,4.23
27008,1.72,3,5,4.78
36056,0.31,3,1,2.65
36817,0.7,3,0,3.68
50271,0.58,2,7,3.33
46645,0.3,1,2,2.66
37347,0.4,2,7,2.89
39913,0.73,4,0,3.69
36084,0.32,2,6,2.72
19382,1.13,3,4,4.13
25918,2.08,5,2,4.97
34744,0.41,4,2,3.01
35355,0.42,0,3,2.98
45325,0.32,1,2,2.75
52987,0.74,1,3,3.57
27691,0.41,6,4,2.94
48724,0.52,3,7,3.23
48925,0.7,3,2,3.53
42376,0.43,1,7,3.01
25724,1.5,1,5,4.53
9469,1.07,6,5,4.05
17485,1.27,1,3,4.26
10968,1.08,3,2,4.03
4319,0.9,1,3,3.92
29304,0.3,5,5,2.69
9567,1.1,5,3,4.13
36136,0.33,1,5,2.74
17736,1.13,3,5,4.17
50250,0.73,4,3,3.57
20595,1.66,5,2,4.71
38281,0.28,2,5,2.6
32662,0.31,4,7,2.68
3699,0.9,1,2,3.91
25523,1.51,1,5,4.46
16950,1.5,4,3,4.63
26055,2.0,5,2,5.02
36381,0.38,0,2,2.86
21996,1.6,0,3,4.65
33832,0.43,3,5,2.98
43487,0.51,2,2,3.17
17508,1.14,5,4,4.12
37573,0.4,2,7,2.89
22916,1.73,5,2,4.69
43971,0.27,2,4,2.55
37081,0.41,2,2,2.97
1305,0.89,5,4,3.78
33861,0.3,1,5,2.68
39674,0.42,3,5,2.97
991,1.01,5,0,4.02
22025,0.38,1,3,2.9
45747,0.58,3,4,3.41
26119,1.75,1,2,4.69
46241,0.53,2,5,3.19
22051,1.5,1,3,4.68
26852,2.01,5,5,4.94
38040,0.35,2,6,2.63
8523,1.05,3,3,4.07
18728,1.03,3,4,3.99
31904,0.3,3,4,2.67
40436,0.5,3,2,3.18
4690,1.03,0,3,4.03
14470,1.0,2,5,4.08
7156,0.85,1,2,3.72
10372,0.91,3,4,3.86
53885,0.75,5,7,3.61
10574,1.03,5,5,3.92
49414,0.7,4,5,3.53
35942,0.33,3,2,2.74
26188,2.0,1,3,4.86
38542,0.34,0,5,2.75
30905,0.32,1,4,2.73
5882,1.02,4,3,4.0
454,0.71,1,5,3.53
9365,0.32,0,2,2.76
51115,0.7,3,5,3.55
24568,1.56,4,5,4.64
50152,0.71,1,3,3.53
18596,1.12,0,5,4.15
6073,1.09,5,2,4.07
47181,0.51,2,4,3.17
44873,0.64,0,3,3.46
44837,0.55,2,5,3.28
21333,1.53,3,2,4.43
5411,0.9,3,3,3.85
41376,0.5,5,5,3.16
47881,0.61,4,7,3.31
27040,0.32,4,7,2.73
52544,0.74,4,5,3.61
21406,1.39,0,2,4.48
19031,0.3,1,5,2.65
27824,0.34,0,3,2.73
5223,1.07,6,3,4.05
3805,0.72,1,4,3.59
52491,0.73,1,2,3.58
1537,0.9,5,3,3.83
24,0.31,6,2,2.59
39872,0.47,3,5,3.07
43328,0.54,3,2,3.21
45476,0.76,3,3,3.5
1878,0.62,1,6,3.44
1536,0.9,5,3,3.79
44327,0.33,4,5,2.71
51637,0.31,4,4,2.73
2150,0.7,3,4,3.52
47995,0.32,2,2,2.66
8771,1.01,0,3,4.05
23553,1.55,4,4,4.61
52402,0.71,1,2,3.58
47868,0.52,3,7,3.14
21498,1.53,5,5,4.58
53709,0.75,1,3,3.56
47308,0.26,3,5,2.55
7418,1.02,2,2,4.05
23356,0.3,5,2,2.67
7715,0.32,3,5,2.71
26986,1.7,3,7,4.68
3849,0.8,2,4,3.56
25498,1.52,3,4,4.52
28647,0.31,1,3,2.7
6275,1.0,4,3,3.99
24339,2.01,5,2,5.05
43729,0.51,4,4,3.2
15733,1.21,5,4,4.19
37361,0.4,2,4,2.92
35478,0.39,2,4,2.9
10780,1.01,2,3,4.01
37918,0.41,2,4,2.92
35056,0.47,5,5,3.1
26139,2.3,3,3,5.2
30575,0.31,0,5,2.7
14528,1.1,5,4,4.12
33475,0.32,2,5,2.71
8019,1.05,4,3,4.03
49067,0.74,6,2,3.5
33984,0.42,3,5,2.92
25613,1.51,1,5,4.61
1799,0.71,1,5,3.53
11815,1.11,2,2,4.04
35829,0.41,2,6,3.02
4,0.31,6,3,2.75
3430,0.78,1,2,3.59
20113,1.52,6,4,4.57
49466,0.52,3,6,3.18
22854,1.01,1,6,4.01
15628,1.01,2,5,3.86
35814,0.31,2,1,2.7
21552,2.01,5,3,5.0
22763,1.14,2,7,4.15
15374,0.36,3,2,2.81
42533,0.4,0,7,2.92
20956,1.54,6,7,4.61
31273,0.32,5,5,2.7
8012,1.03,5,4,3.81
16553,1.01,3,4,4.05
10236,1.03,3,2,3.98
40530,0.7,5,0,3.71
18524,1.53,6,5,4.54
16225,1.03,3,4,3.95
46922,0.52,3,4,3.21
2669,0.76,2,5,3.63
51482,0.74,2,2,3.53
10820,1.1,5,2,4.05
13845,1.19,5,4,4.12
10941,1.01,2,2,3.89
34105,0.4,3,4,2.9
22574,1.52,0,3,4.46
15669,1.0,1,5,3.79
30019,0.41,0,2,2.89
27771,0.32,4,5,2.76
2791,0.78,0,2,3.67
17004,1.53,3,3,4.39
23861,2.01,5,5,5.07
38753,0.41,2,7,2.96
22841,1.64,4,2,4.57
30659,0.42,3,2,3.02
27514,3.01,5,3,5.62
25815,2.31,6,5,5.11
37626,0.44,3,2,2.99
27727,2.61,5,3,5.46
50440,0.7,1,3,3.46
23672,1.16,3,6,4.18
22229,1.59,4,2,4.63
35142,0.37,1,4,2.84
49764,0.53,2,7,3.18
9401,1.03,2,3,4.0
45507,0.52,1,4,3.19
53129,0.62,1,7,3.38
29464,0.4,3,2,2.85
49837,0.52,2,7,3.21
17520,1.04,3,4,4.09
13056,1.0,2,2,3.89
16650,1.02,2,5,4.03
7738,0.38,5,2,2.81
19447,1.02,1,4,3.94
51679,0.74,3,3,3.61
45814,0.59,1,5,3.32
40853,0.53,3,3,3.16
23088,1.57,3,2,4.52
38858,0.4,2,4,2.87
8811,1.2,6,2,4.18
15125,1.34,4,5,4.33
45238,0.61,3,2,3.38
25668,1.5,2,5,4.51
26781,2.06,5,2,5.06
41102,0.54,4,3,3.23
42015,0.5,5,4,3.12
14070,1.04,0,2,4.0
32838,0.46,3,3,3.05
19452,1.25,4,4,4.25
48412,0.6,2,5,3.35
50728,0.7,4,2,3.54
20484,1.5,5,5,4.54
24401,1.06,1,1,4.07
51320,0.31,1,2,2.73
45260,0.54,0,2,3.25
37604,0.23,0,7,2.46
45355,0.52,0,5,3.18
31732,0.31,3,6,2.68
40016,0.42,4,6,3.01
45601,0.47,1,6,3.16
42199,0.56,3,2,3.24
40531,0.72,3,0,3.65
5396,0.3,0,3,2.68
370,0.75,3,5,3.65
36495,0.38,0,7,2.85
37091,0.41,1,2,2.96
13453,1.08,4,5,3.91
29591,0.32,0,2,2.76
32171,0.33,4,1,2.77
49103,0.55,3,7,3.24
44310,0.33,4,3,2.73
15712,0.37,4,5,2.88
31950,0.28,0,4,2.58
21967,1.22,3,7,4.25
2227,0.9,3,2,3.98
25355,0.28,1,7,2.57
30680,0.4,1,2,2.94
28315,0.3,4,2,2.7
15060,1.07,2,2,4.1
45906,0.54,1,2,3.23
40969,0.45,4,6,2.86
22693,0.32,1,4,2.78
34789,0.4,4,7,2.92
33599,0.37,3,5,2.82
13785,1.12,1,3,4.1
4446,0.91,5,7,3.86
6628,0.8,1,4,3.69
11876,1.05,0,3,4.03
11840,1.22,4,3,4.22
1925,0.8,2,2,3.64
10637,1.01,1,3,3.99
43849,0.5,2,5,3.11
34265,0.31,6,2,2.66
53518,0.72,1,2,3.55
42246,0.57,4,2,3.29
52484,0.82,5,4,3.74
47755,0.54,0,5,3.24
35923,0.43,1,3,2.96
26102,1.53,3,7,4.58
16025,0.3,5,4,2.59
25219,1.5,3,4,4.53
18150,1.01,1,5,3.99
5620,0.9,1,5,3.91
23493,2.07,6,5,5.09
23911,1.7,5,4,4.56
29647,0.35,2,5,2.82
26589,2.03,5,5,4.96
2134,0.71,2,5,3.53
23576,1.62,5,7,4.7
366,0.93,6,3,3.84
22207,1.5,4,4,4.59
5371,0.3,0,3,2.68
9166,1.02,2,3,3.93
35546,0.35,2,5,2.81
911,0.79,2,2,3.7
50293,0.31,3,4,2.65
43171,0.54,3,2,3.2
19766,1.2,2,5,4.24
50461,0.78,4,3,3.71
1808,1.01,4,3,3.93
45606,0.54,2,5,3.26
47808,0.71,6,5,3.57
28774,0.43,2,3,2.97
12422,1.0,2,2,3.98
45958,0.56,0,2,3.27
11219,1.0,2,2,3.86
2049,0.32,3,5,2.71
1810,1.01,5,3,4.05
29020,0.31,3,7,2.72
31773,0.32,2,5,2.76
51536,0.71,2,3,3.53
53443,0.75,1,2,3.65
49339,0.81,3,3,3.67
40737,0.34,1,1,2.76
12974,1.03,0,2,4.02
44217,0.57,2,2,3.29
28545,0.3,5,7,2.66
15204,1.01,3,5,3.99
11989,1.01,2,2,3.79
10106,1.2,6,2,4.12
3296,0.71,0,5,3.53
38105,0.36,1,5,2.76
14757,1.01,0,2,3.97
52160,0.7,0,2,3.48
11478,1.14,1,3,4.06
52919,0.71,2,2,3.54
2300,0.9,4,3,3.86
18697,0.3,1,5,2.71
42489,0.31,1,1,2.67
34837,0.3,3,7,2.65
30666,0.4,5,4,2.96
5034,1.03,4,3,4.02
5579,0.91,6,4,3.85
53310,0.72,5,5,3.56
21081,1.04,0,7,3.88
51911,0.73,2,2,3.63
2170,0.94,5,3,3.94
18646,1.21,3,5,4.21
6129,1.17,2,0,4.19
51244,0.71,4,2,3.38
44706,0.57,1,2,3.27
11990,0.91,1,5,3.81
28503,0.29,3,1,2.61
15601,1.01,0,2,4.0
1245,0.78,0,2,3.67
42840,0.41,2,6,2.93
47715,0.51,3,7,3.06
27028,1.75,2,5,4.75
38393,0.42,1,5,2.97
53288,0.3,0,2,2.64
39912,0.4,3,4,2.98
10988,1.02,0,3,3.89
21295,1.5,1,3,4.44
47635,0.51,0,5,3.19
51239,0.7,3,5,3.53
51839,0.9,5,3,4.03
30330,0.36,3,4,2.82
9523,0.9,2,5,3.79
32780,0.34,5,6,2.77
14417,1.05,1,2,4.04
18990,1.03,1,4,3.92
15569,1.01,2,5,3.96
30978,0.37,2,5,2.83
48507,0.7,3,2,3.6
51578,0.65,0,5,3.47
23755,1.56,4,4,4.69
32008,0.31,0,7,2.68
24710,0.31,1,5,2.59
53664,0.72,3,5,3.61
8916,1.07,4,4,4.01
26431,3.4,0,0,6.27
47343,0.5,0,5,3.15
29522,0.38,5,4,2.89
43129,0.51,0,2,3.15
35878,0.32,3,1,2.73
3266,0.71,1,2,3.56
10077,0.33,5,6,2.78
40262,0.33,3,2,2.73
32767,0.34,0,2,2.69
25802,2.01,3,3,4.99
37028,0.49,4,5,3.07
11882,1.17,4,3,4.21
4044,1.05,4,3,4.04
32453,0.36,0,4,2.85
41179,0.4,0,4,2.84
10398,0.31,3,2,2.72
17543,1.14,4,5,4.16
25133,1.77,5,5,4.73
3101,0.71,0,5,3.52
23766,1.53,2,2,4.51
31046,0.34,0,2,2.76
330,0.74,1,2,3.66
3622,0.8,2,5,3.72
37308,0.31,2,1,2.69
18257,1.04,3,5,3.99
48976,0.36,0,3,2.81
9220,1.04,4,3,4.02
6533,0.84,1,2,3.76
31820,0.41,6,4,2.97
26517,1.74,3,5,4.82
50419,0.53,2,7,3.2
46281,0.5,1,4,3.14
20347,1.7,5,3,4.65
18942,1.21,4,4,4.26
33390,0.31,0,7,2.71
10229,0.91,3,4,3.9
25081,1.5,0,2,4.51
31832,0.34,3,7,2.77
31063,0.27,1,6,2.61
6848,1.0,4,3,3.96
20109,1.5,3,3,4.52
37044,0.34,0,5,2.78
10861,1.14,3,3,4.14
12060,0.73,2,6,3.56
41818,0.43,2,7,3.0
31666,0.32,1,5,2.72
25232,1.59,4,4,4.59
24399,1.71,4,2,4.8
17816,1.23,5,4,4.26
32432,0.41,0,5,2.97
15652,1.26,2,3,4.32
40657,0.54,4,2,3.28
41356,0.38,2,1,2.9
35196,0.31,3,1,2.7
5974,0.9,2,3,3.72
37291,0.31,3,6,2.62
41341,0.42,4,1,2.97
8299,0.9,3,5,3.82
29500,0.32,1,5,2.71
50718,0.7,5,4,3.52
47208,0.5,3,7,3.11
1154,0.78,2,2,3.64
35749,0.3,0,5,2.67
38476,0.42,0,5,2.97
53513,0.73,5,5,3.59
18206,1.53,5,3,4.59
788,0.62,2,1,3.33
53881,0.72,3,4,3.61
30325,0.36,2,5,2.8
3566,0.8,0,5,3.59
8093,1.02,4,3,4.03
39591,0.41,3,6,2.99
1132,0.72,2,2,3.55
25667,1.11,0,6,4.12
49271,0.6,1,2,3.38
16576,1.04,4,7,4.04
51042,0.7,4,5,3.59
5248,1.01,6,4,4.01
14696,1.0,2,5,3.85
28867,0.32,2,2,2.75
21376,0.31,0,5,2.72
25911,1.5,0,5,4.47
9536,1.01,2,2,3.96
48025,0.71,6,5,3.48
18156,1.02,3,4,4.0
42252,0.5,1,2,3.21
10979,1.01,4,5,3.92
2879,0.92,0,3,3.69
23507,1.52,4,4,4.55
6710,0.31,6,4,2.67
27661,2.09,2,3,5.16
1720,0.32,3,5,2.72
18716,0.27,1,6,2.58
45650,0.38,6,2,2.9
3293,0.83,1,2,3.78
32474,0.33,3,6,2.76
18053,0.3,5,1,2.66
3987,0.82,2,4,3.72
8616,1.09,1,3,4.01
26809,2.0,5,5,5.07
31675,0.26,2,6,2.52
47702,0.58,3,4,3.31
658,0.8,4,5,3.72
5686,0.91,4,5,3.82
26130,2.14,5,5,5.0
517,0.77,5,7,3.63
26294,1.52,2,5,4.61
43251,0.42,3,1,2.91
24893,1.2,1,6,4.16
33103,0.32,1,7,2.7
28151,0.3,4,6,2.67
28938,0.3,3,7,2.71
32930,0.33,2,7,2.77
1991,0.77,4,6,3.69
10478,1.01,5,2,4.04
2705,0.31,4,4,2.7
50917,0.7,0,2,3.54
26799,1.51,1,4,4.57
35409,0.32,1,5,2.74
20918,1.49,4,2,4.53
34786,0.4,4,7,2.94
43816,0.51,1,2,3.17
43903,0.31,3,5,2.7
38684,0.3,2,6,2.65
43014,0.55,2,2,3.22
44216,0.55,0,2,3.25
2552,0.7,0,4,3.45
14453,1.05,4,5,4.03
30594,0.31,0,5,2.71
53032,0.7,4,6,3.39
48631,0.34,6,5,2.79
42639,0.5,0,3,3.15
17160,1.09,1,3,4.11
14081,1.01,2,2,4.03
6398,1.01,3,3,3.93
2489,0.91,2,2,3.89
27471,1.78,2,5,4.79
33542,0.35,1,4,2.78
3021,0.9,5,2,3.83
20225,1.54,5,5,4.57
28816,0.31,0,4,2.62
37993,0.32,2,7,2.73
20440,1.51,3,3,4.56
38296,0.3,3,2,2.67
43747,0.51,1,2,3.21
34491,0.43,3,5,2.97
47861,0.56,0,5,3.26
34887,0.38,2,4,2.84
46225,0.61,0,2,3.37
22528,1.21,3,7,4.19
49974,0.29,3,7,2.61
33039,0.32,3,6,2.73
40892,0.51,1,3,3.15
8589,0.9,1,2,3.75
2123,0.76,3,4,3.55
15904,1.29,6,7,4.35
4298,0.78,3,5,3.65
10351,0.9,2,4,3.81
14825,1.24,5,2,4.15
29019,0.31,3,7,2.69
50205,0.58,2,4,3.33
7685,1.2,2,3,4.21
20824,1.1,3,7,4.1
31361,0.4,3,4,2.88
16607,1.27,4,2,4.28
53175,0.71,1,5,3.56
44175,0.54,1,5,3.24
3343,0.5,0,1,3.17
12185,1.21,5,3,4.2
29061,0.4,1,2,2.98
50265,0.71,1,3,3.55
23537,1.51,4,5,4.52
37900,0.41,0,5,2.96
47531,0.75,6,4,3.56
10013,1.01,4,2,3.99
27262,2.01,1,3,5.02
14011,1.02,2,2,4.06
46835,0.76,6,2,3.67
41407,0.38,0,7,2.79
30872,0.33,3,5,2.75
17895,1.4,3,3,4.42
49698,0.71,2,3,3.56
13256,1.06,4,5,4.07
30932,0.24,4,7,2.46
34185,0.33,3,4,2.77
50449,0.7,2,2,3.56
4741,0.76,2,4,3.64
4708,0.9,2,3,3.85
28492,0.32,3,5,2.71
53819,0.71,1,5,3.55
43652,0.53,4,5,3.2
15186,1.12,1,2,4.11
36166,0.38,2,4,2.86
50533,0.57,1,5,3.28
34676,0.41,0,5,3.01
46948,0.52,1,5,3.21
21992,1.07,2,7,4.09
51981,0.29,3,4,2.63
28484,0.35,1,3,2.74
18814,1.4,5,5,4.34
19691,0.3,3,4,2.65
2855,0.8,1,5,3.76
18927,1.61,5,3,4.58
14919,1.2,1,3,4.21
39340,0.37,3,7,2.84
29386,0.31,1,2,2.74
16884,1.01,0,5,4.01
4026,0.71,0,4,3.46
721,0.26,1,4,2.55
14170,1.07,5,2,4.05
17277,1.12,3,4,4.12
40068,0.43,3,5,3.02
14925,1.27,5,5,4.32
47336,0.23,1,6,2.43
41423,0.58,6,2,3.32
17609,1.02,2,4,3.99
52239,0.74,4,5,3.53
8549,1.07,4,3,3.95
39102,0.41,5,7,2.94
37818,0.51,3,3,3.19
16381,1.32,2,3,4.29
30013,0.38,1,5,2.87
17494,1.27,5,4,4.24
43092,0.52,1,2,3.1
52988,0.74,1,3,3.6
49845,0.74,6,4,3.62
34851,0.3,3,7,2.67
15146,1.51,0,0,4.28
52992,0.7,3,7,3.53
45819,0.53,4,1,3.19
1926,0.8,0,3,3.62
41139,0.5,2,2,3.16
44994,0.31,5,2,2.68
6265,0.87,0,3,3.79
18464,1.07,2,4,4.05
41209,0.51,1,3,3.16
8320,1.0,1,3,3.96
2442,0.72,3,1,3.53
7858,1.0,4,5,4.01
35130,0.45,4,4,3.06
38494,0.42,3,7,3.0
15627,1.01,2,5,3.99
43917,0.31,5,4,2.66
49985,0.74,2,3,3.51
49850,0.72,3,3,3.57
27918,0.32,0,5,2.79
39130,0.41,3,5,2.93
27439,2.04,2,3,4.94
17437,1.0,1,5,3.97
43737,0.51,1,2,3.16
16892,1.2,4,2,4.26
17926,1.01,1,5,3.88
35711,0.3,0,5,2.64
49790,0.73,3,2,3.55
39779,0.36,0,5,2.8
9995,1.0,1,3,4.03
24671,2.07,0,3,5.12
148,0.7,0,2,3.48
13737,0.32,2,2,2.71
38922,0.51,2,3,3.05
30460,0.32,3,6,2.7
43598,0.31,5,4,2.71
51353,0.72,2,2,3.57
21227,1.5,2,3,4.49
24088,1.61,0,2,4.51
30791,0.3,1,7,2.69
37015,0.33,3,7,2.72
23320,1.55,4,5,4.54
31127,0.31,1,4,2.7
22893,1.14,3,6,4.13
39684,0.4,2,7,2.92
26074,1.57,3,4,4.63
41170,0.39,3,1,2.9
5171,0.71,3,1,3.54
51948,0.52,4,1,3.2
20471,1.04,3,1,4.0
12923,1.13,5,3,4.15
4462,0.73,1,4,3.57
114,0.73,2,5,3.6
35231,0.58,2,0,3.41
49782,0.7,2,2,3.53
17122,1.15,3,5,4.19
13092,1.46,3,3,4.58
3808,1.25,5,3,4.15
6745,0.33,1,2,2.72
25977,2.1,3,3,5.12
42407,0.52,5,4,3.17
9217,1.01,3,3,3.89
7586,1.0,1,3,4.05
5164,0.9,4,2,3.79
19421,1.51,4,3,4.55
5021,0.91,2,3,3.91
19045,0.33,3,4,2.72
17264,1.19,1,2,4.18
35007,0.4,2,2,2.98
25980,1.54,1,5,4.51
15074,1.03,2,2,4.0
50222,0.52,1,7,3.21
14560,1.0,0,2,3.96
47581,0.7,3,3,3.5
15757,1.5,1,3,4.42
5208,1.0,5,3,3.96
43833,0.59,4,2,3.3
4903,0.91,1,3,3.83
30685,0.4,1,2,2.95
53768,0.7,2,4,3.5
36592,0.45,5,6,3.08
30981,0.37,2,5,2.91
24309,2.04,6,2,4.88
48515,0.58,3,4,3.31
29344,0.31,3,5,2.63
27849,0.31,4,7,2.69
32754,0.34,0,2,2.81
52542,0.72,5,7,3.57
20126,1.65,5,3,4.7
31534,0.31,1,7,2.69
53116,0.7,1,2,3.55
29022,0.31,3,7,2.73
51155,0.62,2,4,3.39
51581,0.72,5,5,3.6
11909,0.9,2,2,3.77
28598,0.3,3,5,2.71
22907,1.12,2,7,4.14
38313,0.44,2,5,3.03
9551,1.0,1,3,3.94
35265,0.3,3,1,2.67
14213,1.27,2,2,4.28
47839,0.72,5,3,3.61
18454,1.01,2,4,3.96
47105,0.61,4,7,3.38
37982,0.39,3,4,2.93
21312,1.51,5,4,4.52
38563,0.5,4,2,3.14
33038,0.32,3,6,2.71
34347,0.32,0,4,2.72
14975,1.25,2,3,4.15
34008,0.3,0,4,2.59
36209,0.36,4,7,2.78
21956,1.5,4,5,4.51
6855,0.9,1,5,3.9
24983,2.07,6,5,5.02
20446,1.51,3,3,4.46
30453,0.3,2,4,2.72
47190,0.54,2,5,3.31
592,0.7,1,4,3.53
40203,0.51,3,2,3.21
27045,0.32,3,4,2.68
15152,1.37,6,3,4.41
30201,0.42,6,5,2.94
17448,1.01,0,5,3.92
17055,0.4,6,2,2.93
33540,0.35,0,5,2.79
24939,1.58,4,7,4.61
41648,0.4,1,7,2.93
51832,0.58,0,7,3.35
16808,1.05,4,1,4.13
36361,0.32,2,6,2.77
33486,0.32,2,5,2.71
39778,0.36,0,5,2.78
27173,1.55,0,5,4.63
40833,0.55,6,5,3.28
45679,0.5,1,5,3.15
2734,0.7,0,4,3.55
1191,0.72,3,7,3.54
3229,0.53,1,6,3.22
20247,1.55,4,3,4.6
37978,0.51,6,5,3.05
24411,2.0,4,2,4.96
14378,0.3,4,7,2.66
47405,0.51,0,4,3.21
10434,1.16,4,3,4.19
20976,1.53,5,5,4.56
7774,0.91,1,2,3.88
11140,1.0,2,2,4.0
27794,0.37,3,5,2.82
35650,0.31,3,7,2.69
23761,1.51,2,2,4.54
21816,1.31,3,4,4.37
15535,1.5,3,3,4.49
11688,1.07,4,4,3.96
10653,1.01,4,2,4.01
6178,0.9,2,2,3.87
46260,0.54,3,4,3.25
43910,0.25,1,1,2.58
2290,0.9,4,3,3.7
50365,0.7,0,3,3.55
42293,0.32,5,4,2.75
36810,0.3,3,1,2.69
2764,0.82,2,2,3.74
32873,0.37,3,4,2.85
32634,0.36,6,5,2.84
22195,1.51,3,2,4.56
46230,0.5,0,5,3.14
32713,0.31,2,5,2.68
41292,0.73,3,0,3.65
50469,0.71,3,2,3.48
15796,1.29,5,5,4.27
13255,1.01,1,2,4.05
2811,0.7,1,6,3.51
7687,1.1,6,2,4.13
22926,1.52,1,2,4.59
48866,0.5,1,4,3.11
47414,0.57,1,5,3.3
34923,0.24,2,4,2.42
33694,0.33,3,6,2.76
20432,1.12,1,4,4.08
29208,0.4,5,5,2.97
28894,0.3,3,7,2.68
45955,0.54,4,6,3.2
50368,0.71,4,5,3.54
3831,1.0,5,2,3.77
35884,0.32,3,1,2.7
43501,0.53,1,5,3.1
21675,1.21,3,7,4.21
46658,0.51,0,5,3.2
52080,0.78,6,5,3.67
41065,0.52,2,2,3.17
47153,0.52,3,7,3.14
51776,0.7,2,2,3.56
46713,0.6,3,5,3.43
14184,1.34,0,3,4.3
2422,0.95,3,3,3.88
38385,0.42,1,5,2.94
28619,0.3,1,2,2.69
26219,2.01,1,3,4.96
25563,2.35,6,4,5.23
19397,1.02,2,4,3.99
18612,1.58,6,2,4.63
48892,0.57,2,4,3.28
53267,0.7,2,5,3.52
11769,1.0,1,2,3.9
48218,0.53,4,1,3.25
48883,0.73,6,4,3.56
20403,1.2,1,5,4.14
44229,0.59,4,5,3.3
438,0.7,4,2,3.53
43620,0.52,2,2,3.17
12977,0.91,3,2,3.67
13106,1.02,0,3,3.98
25131,1.51,3,4,4.53
16399,1.26,4,2,4.23
12876,1.03,2,2,4.03
14949,1.0,0,2,4.04
41736,0.41,1,7,2.97
20114,1.2,2,4,4.2
41615,0.29,2,4,2.57
47395,0.57,0,2,3.27
34665,0.31,1,5,2.67
10473,1.01,2,5,4.01
3771,0.73,3,4,3.54
22432,1.71,4,4,4.71
49910,0.71,4,5,3.55
8355,1.02,2,3,4.0
13663,1.01,4,4,3.97
3299,0.9,2,3,3.83
48046,0.71,5,2,3.48
24592,1.51,3,5,4.55
33575,0.39,2,5,2.88
24257,1.5,3,5,4.56
6224,1.0,1,3,3.83
43610,0.34,0,3,2.72
41865,0.38,2,6,2.85
23130,1.5,2,2,4.6
14256,1.0,0,2,3.93
16515,1.0,1,5,3.98
27605,2.09,2,3,5.16
41239,0.57,6,5,3.33
32400,0.37,2,2,2.86
30264,0.32,2,4,2.71
14321,1.51,6,3,4.63
13646,1.17,4,5,4.09
39378,0.4,4,1,2.95
27273,2.0,5,5,4.99
1069,0.31,5,5,2.67
39697,0.42,2,4,2.91
38368,0.53,6,5,3.26
19431,1.12,3,4,4.1
1498,1.06,6,3,3.93
15257,1.01,3,5,3.95
41059,0.5,0,2,3.08
11100,0.82,2,5,3.7
26953,2.07,4,2,4.93
25861,2.01,3,3,4.9
25573,1.52,2,5,4.56
11873,1.2,5,7,4.13
30175,0.38,4,4,2.87
1108,0.85,3,3,3.76
20750,1.02,2,6,3.99
36688,0.39,3,4,2.88
36079,0.37,1,4,2.83
18740,1.55,5,5,4.57
8103,1.03,6,3,3.99
6211,1.07,5,2,3.93
5891,0.9,5,7,3.67
48432,0.51,3,7,3.07
26206,2.09,4,3,5.07
15145,1.11,0,2,3.93
40946,0.3,2,2,2.74
49828,0.56,3,6,3.21
30970,0.39,6,5,2.86
41252,0.3,2,2,2.67
50566,0.7,2,2,3.57
17150,1.5,4,3,4.4
15788,1.26,5,2,4.3
47603,0.55,3,7,3.1
12530,1.21,6,2,4.23
24468,1.7,5,4,4.63
23082,1.34,4,1,4.35
40078,0.33,2,1,2.74
24556,2.03,5,2,4.94
30320,0.36,3,4,2.88
52900,0.73,3,5,3.6
7753,0.64,0,6,3.43
2754,0.9,4,3,3.83
1045,0.72,4,6,3.58
3162,0.7,0,4,3.55
40555,0.41,0,4,2.93
10123,1.01,0,3,4.05
14555,1.2,5,5,4.17
51167,0.8,4,3,3.71
13745,1.21,6,4,4.16
32033,0.31,2,6,2.62
30774,0.35,3,4,2.83
8591,1.07,4,2,4.05
35530,0.32,3,1,2.71
4962,0.9,3,2,3.78
47920,0.76,4,2,3.58
51360,0.72,0,2,3.66
34198,0.33,2,5,2.77
45789,0.54,1,5,3.19
17960,2.0,2,0,5.14
8731,1.18,5,3,4.17
19125,1.51,5,2,4.61
39968,0.4,1,7,2.97
30953,0.32,5,5,2.74
39456,0.39,3,4,2.93
867,0.7,0,2,3.51
40312,0.4,1,4,2.95
44303,0.56,0,2,3.28
26751,2.24,5,3,5.18
32558,0.38,5,6,2.9
38911,0.33,3,1,2.77
42820,0.51,4,2,3.17
35319,0.33,2,1,2.69
46092,0.96,4,0,4.08
10616,1.06,4,3,4.05
27518,3.01,5,3,5.77
19042,0.3,0,5,2.56
884,0.9,5,2,3.94
32364,0.35,1,4,2.75
23868,2.02,2,3,4.98
49905,0.5,3,6,5.06
6371,0.32,1,3,2.7
5224,0.73,3,7,3.56
40815,0.32,1,1,2.75
22590,1.52,5,4,4.58
31058,0.39,3,4,2.88
24479,1.1,1,6,4.1
52445,0.53,0,7,3.23
15961,1.22,4,2,4.29
41842,0.35,1,1,2.79
2909,0.86,0,3,3.72
45809,0.51,2,5,3.18
18692,0.29,1,5,2.6
19807,1.51,4,3,4.52
35023,0.4,1,2,3.0
6814,1.01,1,3,4.1
42204,0.5,1,2,3.21
50661,0.31,1,2,2.72
28359,0.4,5,5,2.96
3222,0.77,0,5,3.67
23705,0.36,1,2,2.82
41500,0.62,2,3,3.3
3219,0.77,2,4,3.66
10193,0.9,0,5,3.84
7802,1.02,3,3,4.0
36045,0.34,3,1,2.76
6610,0.74,1,7,3.61
53185,0.75,3,2,3.56
27352,2.39,6,4,5.21
31860,0.3,4,7,2.66
20067,0.31,4,7,2.66
16082,1.0,2,5,3.95
43653,0.51,4,3,3.17
37729,0.41,2,7,2.99
26028,0.32,3,4,2.7
50824,0.64,4,6,3.42
16956,1.04,3,5,4.01
41710,0.46,1,5,3.09
20787,1.55,5,2,4.59
29187,0.3,1,4,2.65
18783,1.06,2,4,3.95
37434,0.33,1,6,2.76
1244,0.79,4,5,3.64
44966,0.7,3,3,3.37
3206,0.71,1,4,3.56
2767,0.9,5,2,3.83
40970,0.51,0,3,3.24
8453,1.0,3,2,3.97
21737,1.23,3,7,4.21
10198,0.93,1,2,3.91
19067,1.51,1,3,4.57
27237,2.0,5,4,4.97
18688,1.5,2,3,4.39
2967,0.91,0,3,3.88
42893,0.51,0,3,3.21
13866,1.01,2,2,3.98
47168,0.52,3,7,3.19
53501,0.72,3,4,3.51
42714,0.54,1,3,3.19
44048,0.51,1,5,3.1
28655,0.35,3,4,2.79
17551,1.03,3,5,4.01
1396,0.24,3,1,2.47
16827,1.2,4,4,4.23
32614,0.25,3,6,2.43
44230,0.59,0,3,3.28
8383,0.35,2,2,2.83
34204,0.33,2,5,2.74
22472,1.2,3,1,4.21
7857,0.9,0,2,3.84
21106,1.42,1,2,4.39
51262,0.7,0,2,3.44
16567,1.01,3,4,3.97
4313,1.07,3,3,4.02
38194,0.41,1,2,2.99
6939,1.0,1,2,4.09
25127,1.63,1,5,4.65
3671,0.78,1,4,3.7
48040,0.51,3,6,3.14
16168,1.0,3,4,3.94
15977,1.36,1,3,4.19
48316,0.28,2,4,2.62
39957,0.33,0,3,2.74
36803,0.3,3,1,2.63
3603,0.91,4,2,3.9
52848,0.7,3,5,3.61
31247,0.37,1,5,2.81
19579,1.51,5,4,4.69
20147,1.0,2,7,3.94
4931,0.9,4,2,3.74
51314,0.31,4,4,2.69
18820,1.03,3,6,4.0
9400,1.05,4,3,4.04
51449,0.55,2,5,3.27
34844,0.3,3,7,2.63
22077,1.53,5,4,4.53
16600,1.01,0,2,3.97
32313,0.36,2,4,2.79
38815,0.31,3,6,2.69
41918,1.03,1,0,4.42
42874,0.45,3,6,3.05
16545,1.37,3,3,4.45
37848,0.33,1,4,2.76
30667,0.39,5,4,2.93
14708,0.3,4,7,2.62
31051,0.3,2,7,2.66
8727,0.27,0,6,2.58
29679,0.41,6,4,2.99
46591,0.54,2,5,3.16
37913,0.41,0,5,2.95
44525,0.5,1,2,3.15
27852,0.31,3,5,2.68
28377,0.24,0,7,2.39
29524,0.38,5,4,2.89
21830,1.6,1,3,4.65
40161,0.32,4,1,2.72
48358,0.56,0,5,3.26
51452,0.9,4,3,3.86
31677,0.26,1,6,2.54
11775,1.02,3,2,4.01
19393,1.53,6,4,4.5
26527,1.52,1,4,4.49
49190,0.71,4,2,3.55
20964,1.01,2,6,4.02
29057,0.4,1,2,2.99
6505,1.01,0,3,3.98
50839,0.7,3,2,3.53
46862,0.53,3,4,3.21
3882,0.9,4,2,3.83
39211,0.52,4,3,3.18
36891,0.31,2,6,2.71
12159,1.08,0,3,3.98
29292,0.31,5,2,2.69
14959,1.66,2,0,4.71
40813,0.52,2,3,3.16
39757,0.36,0,4,2.84
16549,1.0,3,5,3.97
42133,0.5,0,2,3.14
14494,1.11,4,2,4.07
21905,1.52,4,2,4.57
38636,0.31,4,5,2.73
21751,1.12,3,1,4.09
19653,1.01,2,7,4.01
48932,0.7,2,3,3.51
33955,0.23,1,7,2.42
35233,0.36,1,4,2.8
26203,1.5,2,5,4.53
37985,0.39,3,6,2.92
33158,0.31,4,1,2.7
18383,0.3,3,4,2.67
29580,0.41,1,2,2.98
14795,1.12,4,4,4.11
26213,2.02,4,3,4.98
43932,0.3,5,7,2.67
22394,1.43,3,5,4.46
47654,0.31,4,2,2.68
47895,0.48,2,6,3.13
3911,0.8,3,5,3.71
37738,0.37,2,6,2.86
11093,1.03,3,2,4.01
47145,0.7,6,3,3.49
33073,0.32,4,1,2.75
40646,0.54,2,3,3.2
44929,0.5,0,5,3.18
10869,1.15,3,3,4.19
45188,0.51,1,5,3.15
7555,1.01,4,2,3.99
3406,0.33,0,2,2.8
18602,1.12,2,5,4.15
26834,2.01,1,3,4.88
41290,0.52,3,3,3.2
37412,0.38,3,5,2.8
11143,1.13,5,5,4.16
9004,1.14,0,3,4.17
30368,0.36,5,4,2.84
14489,1.33,6,4,4.35
45947,0.56,0,2,3.28
8766,0.71,1,7,3.55
24054,0.31,5,1,2.67
10509,1.07,1,3,4.07
36553,0.4,1,2,2.95
37440,0.33,1,6,2.7
16303,1.5,6,2,4.6
16445,1.21,4,2,4.19
4541,1.0,5,2,3.77
21291,1.52,4,2,4.51
32527,0.35,4,6,2.75
17511,1.04,0,4,3.96
47475,0.7,1,3,3.5
13962,1.24,4,5,4.24
22177,1.51,3,2,4.38
6113,1.02,5,3,4.02
22981,1.44,3,5,4.37
7363,1.0,0,3,4.02
41174,0.4,3,6,2.93
49141,1.05,1,0,4.09
36100,0.4,1,7,2.97
33941,0.29,4,4,2.65
17716,0.3,2,7,2.77
49596,0.71,5,7,3.55
13907,1.04,1,2,3.92
14258,1.25,4,3,4.3
4956,0.9,3,2,3.87
34134,0.3,2,6,2.68
38920,0.33,3,1,2.72
30658,0.37,1,5,2.83
48765,0.7,4,2,3.45
41385,0.42,2,7,2.99
44198,0.51,0,2,3.19
26523,2.28,6,4,5.16
4056,0.36,3,2,2.84
27895,0.39,1,0,2.91
23604,1.54,4,5,4.56
42786,0.51,2,2,3.11
23278,1.51,2,2,4.55
41369,0.51,3,2,3.22
35033,0.4,1,2,2.97
23639,1.51,2,2,4.59
11297,1.16,4,3,4.2
5283,0.71,0,7,3.54
24571,1.5,1,2,4.62
3789,0.73,2,7,3.57
43122,0.6,0,3,3.33
2702,0.31,3,5,2.67
36931,0.24,2,6,2.41
25221,1.7,4,4,4.77
25292,1.51,2,5,4.57
18030,0.35,5,7,2.81
53829,0.73,2,2,3.61
30108,0.32,3,5,2.69
4460,1.01,4,3,3.93
33633,0.37,1,2,2.81
19143,1.6,5,3,4.63
36393,0.43,3,5,3.0
28574,0.3,4,4,2.65
13532,1.12,1,3,4.11
37531,0.38,2,4,2.8
2362,0.9,3,3,3.77
42353,0.32,1,1,2.7
26631,2.16,4,3,4.98
34391,0.41,2,5,2.96
25742,1.51,3,4,4.52
45923,0.53,3,4,3.24
42951,0.3,6,4,2.64
3838,0.9,0,3,3.69
29683,0.31,2,2,2.72
7365,1.03,2,3,4.0
6247,0.9,3,2,3.81
26790,2.03,4,3,5.02
8683,1.11,5,3,4.11
30041,0.33,5,1,2.74
42807,0.4,0,7,2.9
36008,0.31,2,1,2.69
41600,0.24,2,4,2.49
53329,0.71,1,2,3.52
18144,1.24,0,2,4.27
29924,0.31,0,4,2.66
32201,0.35,1,2,2.76
2978,0.71,0,5,3.55
29737,0.32,3,7,2.74
33266,0.3,1,6,2.68
34186,0.33,3,4,2.76
23660,1.55,4,5,4.55
29627,0.32,0,3,2.79
34114,0.31,1,6,2.64
51968,0.26,4,1,2.55
26637,1.5,1,4,4.45
47400,0.53,4,4,3.2
14138,2.27,6,0,5.43
9101,0.93,0,2,3.8
16433,1.13,1,2,4.15
53444,0.71,1,2,3.47
25144,1.57,3,5,4.61
50735,0.7,4,2,3.46
15675,1.01,2,5,3.86
29907,0.41,1,2,2.95
30491,0.31,0,2,2.69
38109,0.36,1,5,2.8
21420,1.2,1,5,4.16
19564,1.13,3,7,4.11
8052,0.23,2,7,2.44
16154,1.04,2,5,3.96
2773,0.7,3,5,3.53
30985,0.37,3,4,2.82
16475,1.28,5,4,4.27
14670,1.28,5,2,4.38
43183,0.54,3,2,3.24
32954,0.24,1,5,2.47
47719,0.59,4,7,3.35
22151,1.51,4,4,4.52
21412,1.23,3,7,4.23
45054,0.63,4,5,3.43
49766,0.5,2,7,3.17
53490,0.71,0,5,3.54
35279,0.39,5,1,2.93
8165,1.01,3,3,3.99
47261,0.71,6,7,3.5
22539,2.02,5,3,5.03
37425,0.33,3,1,2.72
46431,0.54,2,4,3.16
37624,0.44,3,2,3.0
44090,0.57,4,4,3.3
48470,0.66,4,4,3.42
17018,1.01,2,4,3.88
53608,0.75,1,3,3.61
27544,2.03,1,3,5.04
10469,1.04,4,2,4.01
36633,0.41,0,2,3.01
50998,0.31,5,7,2.68
48983,0.24,2,7,2.48
44190,0.51,0,2,3.15
45859,0.7,3,3,3.55
21125,1.52,5,2,4.48
5475,1.02,1,3,4.08
35173,0.31,3,1,2.7
37099,0.41,1,2,2.97
40672,0.44,1,4,3.02
44030,0.51,3,5,3.19
8625,0.71,1,7,3.57
13561,1.02,1,2,3.91
50454,0.71,3,3,3.52
31289,0.32,5,2,2.74
25969,1.82,3,2,4.84
47373,0.57,2,5,3.3
14025,1.06,5,4,4.03
5052,0.31,4,2,2.65
13858,1.2,5,5,4.21
15150,1.11,5,2,4.09
11777,1.2,6,2,4.23
44670,0.55,2,5,3.26
32272,0.3,1,7,2.61
50772,0.71,3,3,3.59
2840,0.7,2,6,3.41
34598,0.27,2,5,2.51
21396,1.51,1,3,4.58
12002,1.01,0,2,3.93
20477,1.48,1,3,4.54
2329,0.76,3,5,3.6
25639,2.04,6,4,5.06
16749,1.04,3,4,4.05
47455,0.53,0,5,3.16
18058,0.34,3,5,2.78
23399,0.36,4,4,2.83
52878,0.74,2,2,3.54
35807,0.31,2,1,2.7
11417,1.16,1,3,4.08
16113,1.58,5,3,4.6
9618,0.93,4,2,3.88
47688,0.54,4,7,3.19
43782,0.57,3,2,3.31
51246,0.7,0,3,3.56
3358,0.91,4,3,3.89
20984,1.62,0,3,4.63
6343,1.2,4,3,4.11
18415,1.02,2,4,4.01
19596,1.73,1,0,4.82
48844,0.73,6,2,3.53
6409,0.77,0,4,3.65
36153,0.33,1,5,2.75
12176,1.02,1,2,4.05
15920,1.01,0,5,4.09
33896,0.3,1,5,2.67
27812,0.28,3,1,2.6
1733,0.32,3,5,2.69
15459,1.21,3,2,4.18
12714,0.26,1,7,2.55
49233,0.7,5,2,3.5
2524,0.7,2,6,3.53
6050,0.32,5,5,2.74
31829,0.34,4,6,2.8
2075,0.77,2,2,3.64
11606,1.24,5,2,4.29
2903,0.72,1,4,3.56
12580,1.2,5,2,4.21
31529,0.34,1,2,2.81
47487,0.72,6,2,3.57
42159,0.51,1,2,3.2
32168,0.46,2,3,3.11
32928,0.42,0,2,2.97
14800,1.2,5,2,4.25
45440,0.56,2,5,3.26
51354,0.76,3,3,3.64
6446,1.01,3,3,3.78
38373,0.51,6,2,3.2
37473,0.42,3,4,2.94
13580,1.21,5,2,4.2
43432,0.62,6,7,3.37
44656,0.35,3,2,2.76
5549,1.02,5,3,4.06
22764,1.2,3,6,4.24
22454,1.56,5,7,4.6
23000,1.01,0,7,3.96
42466,0.5,1,2,3.19
33069,0.32,4,1,2.73
20023,0.32,3,3,2.74
2205,1.02,1,0,3.93
28135,0.29,0,7,2.68
41516,0.44,0,4,3.01
51878,0.71,4,5,3.45
12291,1.23,6,5,4.26
18192,1.25,4,5,4.19
21637,1.63,3,3,4.72
30183,0.31,1,4,2.71
45795,0.51,1,5,3.18
23605,1.3,3,7,4.36
38172,0.42,1,4,2.96
47296,0.3,6,4,2.69
44037,0.61,2,2,3.34
6408,0.76,1,5,3.64
19803,1.52,0,3,4.41
5694,0.73,2,7,3.58
7962,1.12,5,5,4.13
19474,1.5,4,2,4.62
41763,0.38,1,6,2.9
989,0.77,0,3,3.64
23295,1.5,1,2,4.43
35827,0.41,4,5,2.94
26160,1.5,2,4,4.44
31070,0.33,3,7,2.72
31454,0.34,1,2,2.71
47561,0.51,3,7,3.15
46628,0.3,3,5,2.64
36561,0.4,1,2,2.93
53507,0.71,3,4,3.51
16385,1.23,4,2,4.24
10038,0.3,3,2,2.7
21631,2.04,3,0,5.07
14805,1.22,5,5,4.29
52480,0.73,5,7,3.52
9331,0.9,1,5,3.83
5518,1.0,4,3,4.0
14023,1.0,3,5,3.99
33036,0.32,3,6,2.74
21257,1.32,3,5,4.34
32370,0.4,2,5,2.95
39487,0.41,1,4,2.97
17863,1.5,5,2,4.62
50229,0.82,3,3,3.77
32154,0.28,2,7,2.63
5718,0.25,1,7,2.51
28813,0.41,5,5,2.96
30463,0.41,6,5,2.99
44776,0.56,5,6,3.26
28642,0.33,6,4,2.72
37921,0.23,1,6,2.37
23124,1.55,4,5,4.48
34287,0.26,4,6,2.53
11291,1.01,4,2,3.93
11703,0.34,4,4,2.78
22153,1.53,5,5,4.58
48700,0.54,0,5,3.26
50315,0.7,1,3,3.5
50669,0.31,5,7,2.66
48225,0.57,1,5,3.28
4782,1.21,6,5,4.07
17271,1.04,0,4,3.96
47122,0.52,0,5,3.24
799,0.7,1,5,3.45
25559,1.52,2,5,4.45
40175,0.38,4,4,2.85
45111,0.53,2,5,3.22
10746,1.0,2,2,3.98
43049,0.5,0,2,3.09
24254,1.5,2,2,4.53
35813,0.31,2,1,2.71
19487,1.14,3,4,4.16
28390,0.33,4,5,2.72
29510,0.32,1,5,2.72
50246,0.7,5,5,3.44
18455,1.01,0,5,3.9
5849,1.0,4,3,3.92
42967,0.53,3,2,3.16
12256,1.01,1,2,3.98
29293,0.31,5,2,2.67
2159,0.97,6,5,4.01
7274,1.0,4,3,4.01
51736,0.57,2,7,3.29
27417,2.0,4,5,5.07
14503,1.24,4,3,4.21
49921,0.73,6,2,3.6
50132,0.67,2,5,3.47
48429,0.7,4,3,3.57
21422,1.52,3,2,4.49
15197,1.01,3,5,3.99
24282,2.0,3,3,4.83
43108,0.54,2,2,3.22
968,0.71,2,4,3.56
29114,0.34,4,5,2.8
28191,0.4,1,3,2.95
28733,0.31,1,5,2.7
44844,0.52,2,5,3.18
44212,0.52,1,5,3.22
26668,2.01,5,2,4.96
51373,0.55,0,7,3.23
24001,2.1,5,2,5.05
9056,0.34,5,2,2.76
52222,0.7,5,6,3.45
25150,1.5,3,4,4.45
38032,0.38,2,7,2.9
22662,1.04,0,4,4.03
32668,0.31,3,4,2.68
39982,0.41,5,6,2.95
50342,0.58,1,6,3.28
52405,0.71,1,2,3.48
19706,0.32,1,2,2.73
52228,0.8,3,3,3.58
19130,1.52,6,5,4.52
48036,0.56,0,4,3.23
19046,0.3,1,7,2.63
11564,1.09,1,3,4.08
10269,1.01,1,3,3.97
3528,0.92,1,2,3.99
23521,1.58,5,6,4.65
17684,1.02,3,4,4.0
11732,1.01,1,2,3.99
26752,2.21,0,3,5.18
17661,1.07,2,4,4.08
2992,0.9,3,3,3.79
17176,1.72,6,2,4.79
30615,0.3,3,2,2.57
25550,1.6,3,5,4.62
42197,0.58,1,2,3.23
43916,0.36,6,4,2.84
47726,0.7,4,2,3.53
13105,1.14,3,2,4.17
24421,1.5,3,5,4.53
38673,0.44,1,2,3.0
18891,0.9,1,1,3.88
14205,1.01,1,2,3.94
39831,0.5,1,3,3.12
17554,1.55,4,2,4.64
5774,1.01,5,3,3.98
15165,1.05,3,5,4.09
34509,0.33,3,6,2.77
33535,0.35,0,5,2.82
39514,0.32,1,7,2.71
46968,0.32,5,4,2.73
48975,0.34,4,5,2.82
19647,1.52,6,4,4.56
47293,0.3,6,4,2.69
35038,0.38,2,4,2.93
11168,1.07,0,3,4.04
48836,0.55,1,5,3.25
27376,0.29,0,4,2.62
24043,0.38,4,2,2.91
35362,0.38,4,5,2.92
20334,1.5,3,3,4.46
19629,1.0,3,6,3.98
49407,0.7,4,2,3.59
31607,0.3,6,5,2.64
37182,0.48,4,3,3.01
48815,0.56,1,4,3.27
25895,2.0,5,5,5.05
52153,0.7,2,5,3.53
46282,0.5,1,4,3.16
45718,0.56,1,2,3.29
17034,0.9,1,1,3.86
40998,0.6,5,3,3.37
23326,1.53,2,2,4.61
27102,2.0,4,2,5.02
35489,0.38,1,6,2.87
38137,0.3,3,6,2.68
28300,0.32,5,2,2.76
40226,0.4,3,6,2.9
3708,0.77,2,7,3.58
47109,0.75,6,2,3.37
37233,0.4,1,5,2.95
42238,0.54,3,2,3.27
27547,1.61,0,5,4.67
32497,0.43,0,2,3.0
1400,0.32,3,4,2.74
22829,1.1,2,6,4.14
44878,0.5,3,4,3.05
16319,1.22,3,3,4.12
12061,1.01,2,3,4.01
23182,1.51,2,2,4.56
39622,0.35,5,5,2.84
34535,0.33,3,6,2.74
15813,1.29,6,2,4.32
49109,0.98,5,0,3.93
7014,0.9,2,2,3.87
13038,0.36,2,2,2.82
22436,1.2,3,7,4.24
40919,0.42,3,6,2.97
36543,0.4,2,2,2.95
44678,0.72,2,3,3.58
45976,0.3,4,4,2.59
27946,0.31,3,2,2.68
16071,1.02,3,5,4.04
49438,0.7,2,3,3.48
33495,0.32,2,5,2.71
24461,1.11,1,6,4.11
31518,0.34,1,2,2.73
38619,0.31,5,4,2.71
8297,0.9,1,2,3.83
45086,0.52,1,5,3.19
1842,0.71,1,5,3.52
15107,1.03,1,5,4.02
53706,0.81,2,2,3.81
20289,1.01,2,6,4.05
6155,0.9,3,5,3.78
24880,1.56,3,5,4.59
39447,0.53,4,2,3.25
42107,0.58,3,3,3.32
41280,0.31,1,1,2.68
15230,1.5,5,3,4.59
13648,1.05,2,2,3.96
49573,0.59,3,7,3.31
34495,0.32,2,6,2.74
21466,1.55,0,2,4.59
29888,0.3,0,5,2.69
7452,0.9,4,4,3.82
25303,1.71,1,2,4.78
18900,1.61,4,2,4.67
36496,0.34,1,7,2.79
29278,0.31,5,7,2.69
50569,0.75,1,3,3.62
11899,1.12,5,5,4.12
43572,0.41,1,6,2.93
34062,0.36,0,2,2.81
23407,1.5,2,2,4.45
32323,0.3,3,6,2.67
45981,0.3,4,4,2.7
53432,0.74,2,2,3.57
2387,0.32,3,5,2.67
29239,0.37,3,4,2.76
14926,1.73,4,3,4.93
11473,0.9,4,4,3.83
25335,1.52,2,5,4.6
46338,0.58,1,2,3.3
3034,0.41,6,5,2.99
50970,0.31,4,4,2.69
13427,1.01,4,4,4.03
17470,1.05,3,4,4.04
8918,1.07,1,3,4.06
36923,0.41,3,4,2.96
42590,0.65,4,3,3.44
795,0.71,2,6,3.56
23768,1.65,4,4,4.68
39320,0.37,0,7,2.82
47955,0.7,5,2,3.55
27408,2.16,3,3,5.16
35857,0.4,0,5,2.92
9951,1.04,5,4,4.05
43050,0.52,0,2,3.16
20195,1.02,2,4,4.01
21021,1.55,5,5,4.62
15702,0.31,2,4,2.74
29479,0.32,1,5,2.7
32658,0.31,4,7,2.73
11416,1.16,1,3,4.21
15132,1.25,6,7,4.23
23077,2.0,6,3,4.96
32701,0.31,2,5,2.69
11717,0.4,5,2,2.97
53207,0.61,2,7,3.38
30853,0.33,3,5,2.75
13385,0.37,6,1,2.88
16572,1.01,3,4,4.02
26660,1.0,0,1,3.92
30965,0.39,3,3,2.93
53671,0.71,1,5,3.54
4780,0.97,4,3,3.91
44323,0.33,5,4,2.72
35032,0.4,1,2,2.95
1718,0.32,3,5,2.77
38841,0.39,1,5,2.99
10610,1.0,3,2,3.83
11881,1.08,4,4,4.08
45296,0.51,1,5,3.23
30417,0.32,4,6,2.68
4889,0.9,5,7,3.95
38446,0.36,2,6,2.81
29094,0.36,0,3,2.76
17174,1.19,0,2,4.21
11234,1.08,4,2,4.1
17462,1.21,5,7,4.27
25433,2.04,4,3,5.08
10318,1.03,0,3,4.01
15221,1.24,2,3,4.25
53216,0.7,4,4,3.5
17899,1.25,4,5,4.28
27911,0.26,2,6,2.54
31669,0.4,2,2,2.92
37083,0.41,1,2,2.93
49627,0.3,1,3,2.66
46510,0.47,2,6,3.09
19836,1.01,1,7,3.96
31335,0.41,3,2,2.97
1709,0.7,3,6,3.55
32771,0.34,0,2,2.8
22999,1.2,0,4,4.16
4019,0.9,3,3,3.86
23978,2.1,4,2,5.15
27759,0.32,4,5,2.67
22120,1.51,1,3,4.61
33702,0.3,1,6,2.63
17817,1.19,4,4,4.23
3102,0.77,2,2,3.63
4042,0.84,1,5,3.75
36187,0.41,2,4,2.95
10904,1.21,3,3,4.09
52013,0.6,3,6,3.29
21015,1.6,2,3,4.61
32857,0.4,4,4,2.94
41034,0.41,1,7,2.95
38344,0.32,3,1,2.75
6161,0.91,2,2,3.88
39654,0.42,4,4,2.94
33466,0.32,2,5,2.74
32905,0.33,2,7,2.76
14475,1.0,2,5,4.0
18384,0.26,2,4,2.57
43627,0.43,3,1,2.99
302,0.82,2,3,3.74
38902,0.33,1,6,2.76
7038,1.02,2,3,4.04
9838,0.91,3,2,3.88
11499,1.02,2,2,4.0
42806,0.59,5,2,3.33
43143,0.52,4,5,3.23
47516,0.53,3,7,3.23
33205,0.33,3,6,2.74
39857,0.51,2,3,3.17
17406,1.21,4,4,4.3
4068,0.31,0,2,2.72
27629,2.22,5,5,5.15
36593,0.3,2,1,2.64
46717,0.52,1,4,3.18
45151,0.5,2,5,3.14
39929,0.31,1,6,2.68
28371,0.37,4,4,2.87
32152,0.28,2,7,2.6
9678,1.04,4,2,4.05
6335,1.0,6,4,4.0
1546,0.77,1,3,3.58
51157,0.72,1,3,3.5
46941,0.52,1,5,3.2
9454,1.2,5,3,4.24
15596,1.33,1,3,4.33
25286,1.82,5,4,4.8
21247,1.26,3,5,4.28
1716,0.32,5,7,2.68
31052,0.34,4,6,2.78
1637,0.7,3,4,3.45
52188,0.7,3,2,3.55
6941,1.04,5,3,3.97
51501,0.7,2,2,3.53
8924,1.01,4,2,3.97
34694,0.3,2,1,2.67
33095,0.31,2,6,2.73
14188,0.9,0,4,3.88
28996,0.34,2,5,2.79
46584,0.55,3,4,3.23
52694,0.71,2,2,3.53
40421,0.5,4,4,3.26
23142,1.51,4,4,4.46
21727,1.59,3,5,4.62
39191,0.36,0,4,2.84
51319,0.31,4,4,2.7
41152,0.49,3,5,3.09
23486,1.6,3,5,4.64
8476,1.01,2,3,3.94
41213,0.52,4,2,3.19
46263,0.57,0,2,3.31
7624,1.01,6,4,3.96
7795,1.04,5,2,4.01
18125,1.2,0,2,4.11
3612,0.82,2,2,3.71
8959,1.2,2,3,4.27
21433,1.9,6,2,4.83
47674,0.51,0,5,3.19
8695,1.0,4,3,3.96
44524,0.52,1,4,3.23
41161,0.38,0,7,2.87
24586,1.64,1,2,4.65
37098,0.41,1,2,2.98
38178,0.41,0,2,2.92
7790,0.9,1,3,3.77
17870,1.5,4,2,4.66
34820,0.3,4,6,2.7
19994,1.04,0,4,3.99
11457,1.14,5,5,4.17
136,0.71,2,4,3.46
9246,1.01,4,5,3.99
24345,2.1,5,3,5.04
8286,1.09,4,3,4.05
48162,0.57,3,4,3.29
42364,0.52,1,2,3.1
32664,0.31,3,4,2.64
1149,0.75,1,2,3.61
31151,0.41,1,2,3.0
1160,0.51,1,1,3.2
49984,0.71,1,3,3.55
1891,0.76,0,2,3.66
46480,0.55,2,5,3.26
13705,1.2,6,4,4.3
42254,0.5,1,2,3.16
35223,0.33,2,6,2.76
21547,1.18,2,4,4.15
53542,0.78,4,5,3.4
36710,0.41,5,1,2.93
39577,0.31,4,1,2.68
26094,2.01,5,4,4.92
30991,0.37,2,5,2.78
27773,0.32,4,5,2.67
47442,0.7,4,3,3.55
6810,1.01,1,3,3.98
49343,0.71,4,2,3.59
2322,1.01,4,3,4.0
12197,1.01,4,5,3.92
39874,0.33,1,6,2.75
41610,0.27,3,7,2.58
42138,0.5,5,7,3.21
37727,0.3,1,6,2.7
9460,0.92,1,5,3.82
30885,0.33,1,2,2.77
48384,0.72,6,2,3.6
30424,0.32,3,7,2.73
44655,0.35,0,3,2.83
36914,0.41,4,7,2.95
41747,0.52,3,2,3.23
45632,0.28,4,6,2.65
35472,0.33,3,7,2.71
18483,1.5,5,3,4.54
40538,0.36,3,1,2.82
41778,0.35,0,6,2.76
13052,1.09,0,3,4.09
27271,2.21,5,2,5.13
24559,1.51,3,5,4.47
46809,0.53,3,5,3.18
34368,0.41,2,5,2.98
46632,0.3,3,5,2.69
29130,0.44,1,3,3.05
21878,1.52,2,3,4.55
35086,0.3,2,1,2.65
4386,0.31,0,2,2.73
12551,1.14,3,2,4.19
39787,0.39,0,4,2.91
26221,1.53,2,4,4.47
34200,0.33,2,5,2.73
22081,1.22,2,4,4.24
23999,1.52,3,5,4.52
7461,0.9,4,4,3.83
10989,1.02,1,3,4.0
24601,2.02,6,2,5.05
25341,1.58,2,5,4.53
31921,0.3,3,4,2.69
37954,0.41,3,7,2.93
33766,0.5,1,0,3.14
42518,0.5,0,2,3.24
38452,0.31,2,6,2.72
44264,0.52,1,5,3.2
49785,0.71,5,4,3.62
37414,0.38,3,5,2.88
45240,0.53,0,5,3.19
53938,0.86,4,3,3.74
52267,0.76,2,3,3.57
8136,1.01,1,3,4.04
49208,0.55,1,4,3.26
13299,1.05,4,5,4.09
14871,1.01,2,5,4.03
39543,0.4,2,5,2.92
29254,0.33,4,6,2.71
42269,0.48,2,5,3.07
39692,0.4,2,7,2.95
44960,0.58,5,6,3.31
9328,1.27,6,5,4.27
51605,0.7,5,4,3.49
53460,0.92,3,3,3.93
43273,0.3,5,2,2.7
16177,1.0,2,4,4.03
23909,1.7,1,3,4.78
22589,1.02,1,6,3.89
24802,2.1,5,2,5.04
33483,0.32,2,5,2.69
16548,1.27,5,4,4.2
4143,0.9,5,4,3.86
47271,0.52,1,4,3.21
44512,0.54,1,2,3.23
45314,0.32,4,4,2.76
13510,1.06,3,5,4.06
19406,2.0,4,0,5.19
23318,1.7,5,5,4.74
32750,0.43,1,2,2.99
10087,1.0,2,2,3.99
34545,0.4,2,2,2.96
32665,0.31,3,4,2.71
20200,1.07,2,5,4.03
44634,0.57,1,2,3.28
21267,1.21,2,5,4.19
48179,0.54,4,6,3.2
34079,0.36,1,4,2.82
35718,0.3,0,5,2.66
34979,0.35,5,2,2.87
738,0.31,4,4,2.69
44645,0.28,4,7,2.62
14664,1.01,3,5,3.9
39053,0.54,5,2,3.26
19141,1.56,6,5,4.59
8711,0.23,1,4,2.45
33344,0.41,3,5,2.96
27524,2.03,3,2,4.96
7649,0.9,3,5,3.84
53785,0.89,1,3,3.84
45095,0.53,1,5,3.12
29529,0.41,2,3,2.95
35424,0.32,1,5,2.71
22605,1.79,6,5,4.82
9310,1.0,1,3,3.86
14047,0.36,1,3,2.84
15570,1.0,1,5,3.98
34046,0.46,2,3,3.08
16109,1.18,4,2,4.18
38942,0.31,4,5,2.66
27429,2.25,4,3,0.0
7641,0.8,3,1,3.7
41242,0.3,0,1,2.67
15156,1.28,5,2,4.35
18983,1.09,1,5,4.09
50665,0.31,1,2,2.71
53212,0.77,5,4,3.61
23670,1.59,2,2,4.71
50338,0.61,1,4,3.36
2526,1.04,6,3,4.05
42392,0.54,2,2,3.22
21577,1.51,4,2,4.49
46151,0.5,3,4,3.06
50597,0.5,2,7,3.19
13540,1.14,3,2,4.15
29424,0.42,1,3,2.99
10981,1.11,5,2,4.06
45465,0.53,1,5,3.2
8685,1.01,2,3,3.97
39185,0.5,3,3,3.17
45732,0.56,1,5,3.28
20967,1.07,1,5,4.06
15194,1.02,1,5,3.94
36234,0.3,0,6,2.68
52589,0.96,3,3,4.07
29641,0.35,2,5,2.81
51844,0.71,3,2,3.54
7086,0.9,1,2,3.73
2030,0.9,4,3,3.84
46735,0.58,2,5,3.32
47413,0.57,3,4,3.3
34115,0.31,1,6,2.68
7183,0.96,1,3,3.94
51280,0.7,5,5,3.49
31926,0.3,3,4,2.7
23256,1.51,4,4,4.55
40781,0.43,2,4,2.98
51987,0.25,1,7,2.53
3215,1.01,3,0,3.85
52806,0.71,5,6,3.52
13884,1.21,6,5,4.23
467,0.8,4,2,3.68
34711,0.37,5,6,2.85
42309,0.41,2,6,2.95
7977,0.93,1,3,3.84
44400,0.43,0,6,2.93
47409,0.62,3,5,3.33
8029,0.96,2,4,3.93
15114,1.24,5,2,4.23
19841,1.21,2,5,4.28
29902,0.44,2,3,3.02
24109,1.13,0,7,4.09
7541,1.1,2,3,4.15
33391,0.32,2,6,2.71
18162,1.51,5,3,4.51
12545,1.23,5,3,4.24
20396,0.31,4,7,2.7
16851,1.0,1,5,3.89
1284,0.7,1,5,3.54
39754,0.56,6,5,3.29
17496,1.01,0,5,3.98
26876,1.73,3,5,4.79
51523,0.75,5,4,3.66
40457,0.5,4,2,3.14
51757,0.65,1,5,3.32
11841,1.01,5,5,4.0
32500,0.33,3,4,2.75
35583,0.35,2,5,2.82
13809,1.04,2,2,4.07
30160,0.4,0,2,2.97
39061,0.47,2,3,3.09
29560,0.33,2,2,2.67
42760,0.5,2,5,3.16
19804,1.73,1,0,4.82
42162,0.53,3,2,3.2
36139,0.33,1,5,2.76
25487,1.56,3,4,4.57
21286,1.57,5,5,4.54
1086,0.9,5,3,3.81
39871,0.36,1,7,2.8
26991,2.05,1,3,4.97
30749,0.39,4,4,2.93
37497,0.53,1,3,3.17
23559,1.55,4,5,4.55
10848,1.01,0,3,3.99
6094,0.81,1,5,3.71
49131,0.56,0,5,3.25
25797,1.7,3,4,4.78
52926,0.72,1,2,3.61
2230,0.74,3,6,3.56
41779,0.35,0,6,2.79
7058,0.33,1,2,2.7
42707,0.5,2,5,3.23
18232,1.13,3,4,4.03
3408,0.3,2,5,2.63
35517,0.43,5,6,3.0
3778,1.01,3,3,3.98
30900,0.31,2,5,2.74
100,0.75,0,2,3.65
12615,1.12,4,2,4.12
15470,1.58,2,3,4.51
46518,0.53,4,6,3.21
16530,1.04,2,5,4.07
42808,0.53,4,5,3.24
31912,0.3,3,4,2.72
16425,1.03,4,7,4.05
20954,1.61,4,3,4.7
8581,0.91,2,2,3.77
4747,0.92,2,2,3.89
6851,1.0,5,2,3.98
26615,2.02,5,2,4.94
42888,0.51,0,3,3.11
44607,0.53,1,2,3.22
44115,0.5,1,5,3.2
40666,0.31,2,1,2.65
12971,1.02,4,5,3.95
29110,0.34,4,5,2.77
18780,1.51,4,2,4.56
32606,0.31,4,7,2.68
32559,0.4,4,5,2.91
28233,0.33,2,5,2.74
24021,1.5,3,5,4.48
32568,0.38,3,4,2.88
20739,0.9,0,6,3.83
38197,0.41,0,2,2.9
5237,0.9,2,3,3.78
33548,0.35,0,5,2.79
29940,0.31,3,2,2.69
25579,2.54,3,3,5.45
43490,0.51,2,2,3.16
6300,1.14,6,3,4.17
6920,0.91,1,2,3.76
35170,0.31,3,1,2.71
18115,1.01,3,7,3.96
25846,1.51,1,4,4.55
20179,1.72,5,3,4.81
27920,0.37,3,4,2.76
23880,1.27,2,4,4.31
30509,0.31,0,2,2.68
5754,0.93,2,3,3.94
5803,0.9,3,3,3.78
43233,0.57,2,3,3.34
3288,0.91,4,3,3.86
45149,0.5,2,5,3.13
51753,0.72,3,5,3.57
32849,0.4,4,4,2.94
39646,0.47,3,2,3.0
39516,0.32,1,7,2.7
35186,0.31,3,1,2.71
20807,1.14,3,6,4.13
16709,0.3,1,3,2.66
42494,0.48,1,5,3.06
14595,1.21,0,3,4.24
20577,1.0,1,7,3.97
2199,0.54,0,6,3.23
7689,0.9,3,5,3.71
9658,1.01,4,2,4.0
53244,0.73,1,2,3.55
1122,0.71,4,6,3.56
22731,1.0,0,6,3.77
34827,0.3,4,6,2.7
18845,1.03,3,5,3.99
34594,0.27,1,5,2.61
26053,2.01,1,3,5.02
33502,0.32,2,5,2.74
39411,0.41,2,4,2.95
24816,3.0,3,0,5.58
27209,2.36,6,5,5.21
16301,1.01,1,5,4.02
44399,0.5,1,5,3.2
26388,2.01,4,5,5.2
52056,0.7,4,4,3.53
14894,1.21,0,3,4.24
11740,1.05,4,2,4.06
51077,0.52,2,6,3.21
21323,1.51,5,5,4.62
13607,1.3,6,2,4.37
9015,1.2,5,3,4.17
2628,0.86,4,2,3.69
33240,0.41,5,4,2.97
8069,0.31,2,5,2.69
20240,1.37,4,4,4.46
11631,1.0,1,2,4.01
27029,2.0,2,2,4.86
19641,2.04,5,0,4.91
7382,0.33,3,5,2.79
16195,1.07,3,5,4.08
8960,0.9,1,2,3.85
2318,0.79,4,2,3.65
4795,1.2,4,3,4.36
48050,0.7,6,2,3.46
50488,0.7,2,2,3.5
4842,0.86,0,2,3.81
37298,0.33,0,4,2.75
46104,0.52,1,4,3.18
34584,0.51,6,2,3.18
31158,0.41,5,4,2.94
20683,1.12,3,1,4.1
46278,0.55,0,5,3.21
18997,1.01,3,7,3.98
25547,1.51,3,4,4.53
533,0.9,5,3,3.88
39795,0.38,0,4,2.91
31420,0.34,2,4,2.78
39583,0.37,3,7,2.78
31572,0.31,1,7,2.72
24990,2.33,4,3,5.31
46594,0.54,2,5,3.18
20199,2.02,6,3,5.07
43232,0.5,1,5,3.19
9793,1.01,1,3,3.97
51395,0.51,1,6,3.1
44045,0.45,2,6,3.07
5611,0.89,1,3,3.81
39011,0.43,5,1,3.0
48915,0.63,0,2,3.44
43817,0.51,1,2,3.18
40506,0.61,6,2,3.39
15111,1.0,0,2,3.99
30132,0.32,3,5,2.77
32494,0.27,2,1,2.58
50834,0.7,3,2,3.52
17002,1.01,2,5,4.0
44547,0.54,3,5,3.23
14040,0.31,2,5,2.66
29787,0.3,0,2,2.65
20883,1.73,6,2,4.71
50072,0.72,6,6,3.52
12146,1.0,1,2,3.99
11217,0.93,2,5,3.86
25609,1.51,2,4,4.42
47108,0.53,1,4,3.18
26079,1.68,2,5,4.68
32544,0.27,1,6,2.59
6323,1.11,4,3,4.05
19710,1.21,4,6,4.27
14450,1.33,5,3,4.39
31782,0.42,2,2,2.99
12193,1.01,4,2,3.98
41326,0.31,1,1,2.69
43245,0.42,1,6,2.97
24291,1.06,2,1,4.06
26216,2.15,6,4,5.1
30145,0.32,1,2,2.73
13170,1.06,1,2,4.12
8054,0.23,2,6,2.44
32892,0.36,1,2,2.84
13797,1.0,3,2,3.94
28054,0.32,2,5,2.71
25993,2.0,6,7,5.03
34523,0.33,3,6,2.71
50948,0.56,3,1,3.29
50015,0.7,2,2,3.54
45369,0.5,1,4,3.18
3532,0.91,4,3,3.66
19237,1.01,3,1,3.86
9588,1.04,4,2,3.96
44624,0.57,3,5,3.28
52398,0.56,3,7,3.26
14465,1.01,3,5,3.95
13734,0.27,2,6,2.56
52201,0.67,2,4,3.38
19848,2.04,5,0,4.91
12461,1.01,2,2,3.97
12289,1.02,4,5,4.0
49253,0.73,2,3,3.58
35401,0.35,1,4,2.82
17440,1.24,3,2,4.2
27344,2.0,3,5,5.07
49358,0.51,2,7,3.18
10241,1.13,4,3,4.17
43575,0.41,1,6,2.93
32720,0.31,2,5,2.69
13599,1.2,3,3,4.1
5116,1.09,1,3,3.98
6761,0.9,1,2,3.81
27230,1.7,2,5,4.66
1285,0.7,1,5,3.58
2935,0.77,1,5,3.6
15905,2.15,4,0,5.18
46362,0.57,2,5,3.32
50646,0.31,1,2,2.7
34289,0.26,4,7,2.57
10586,1.01,0,2,4.03
8422,1.05,6,2,4.03
20806,1.58,3,3,4.57
33845,0.3,2,4,2.66
29261,0.31,3,5,2.66
18051,0.34,4,4,2.8
36244,0.41,1,5,2.94
11074,0.91,3,2,3.88
48482,0.51,1,7,3.15
33084,0.3,1,7,2.58
52816,0.71,1,2,3.48
48427,0.57,3,4,3.29
18343,1.01,2,4,3.96
33012,0.3,2,6,2.64
41959,0.23,1,7,2.45
13236,1.22,4,3,4.18
5986,0.8,2,4,3.68
29961,0.31,3,2,2.68
21588,1.23,2,4,4.18
8144,1.01,4,3,3.95
44167,0.6,3,2,3.33
12964,1.0,0,2,3.91
36041,0.41,3,2,2.96
9935,1.27,6,3,4.3
18039,0.35,1,2,2.77
4297,0.95,1,3,3.76
13837,0.87,2,4,3.79
17479,1.51,4,3,4.51
13514,1.01,1,2,3.89
8375,0.31,2,5,2.71
13810,1.06,4,4,4.04
29861,0.3,0,5,2.65
37559,0.31,3,1,2.68
31240,0.31,2,5,2.69
46704,0.7,2,3,3.64
36236,0.33,0,4,2.71
8550,1.03,5,2,4.0
31236,0.42,0,2,2.93
29773,0.3,5,6,2.65
19765,1.2,2,5,4.23
13943,1.21,5,2,4.18
6590,1.02,3,3,3.85
16609,1.69,4,0,4.73
11409,1.12,1,3,4.09
11138,1.0,2,2,4.01
48840,0.55,0,5,3.26
21587,1.65,2,3,4.64
18428,1.04,2,4,3.9
15739,1.01,3,5,3.92
42175,0.59,1,3,3.35
3128,0.72,3,6,3.57
51781,0.6,3,7,3.36
18357,1.51,1,2,4.79
13752,1.0,2,5,3.65
41905,0.51,3,2,3.17
9720,1.01,3,2,4.0
52167,0.7,4,2,3.41
23335,1.58,3,4,4.59
20868,1.41,4,5,4.52
20950,1.08,0,4,4.0
42623,0.32,4,5,2.7
303,0.78,0,2,3.64
21136,1.52,5,2,4.56
27552,2.01,4,4,4.75
14301,1.26,3,5,4.25
12681,1.26,6,5,4.32
47911,0.59,3,4,3.19
47077,0.52,0,5,3.2
16244,1.01,3,4,4.01
32958,0.31,6,6,2.7
10582,1.01,4,5,3.99
20737,1.4,4,5,4.47
18965,1.23,4,4,4.22
6915,0.9,3,5,3.75
27081,2.61,6,3,5.55
39656,0.42,4,4,2.98
30724,0.41,0,2,2.86
8445,1.01,4,5,3.99
34718,0.37,0,2,2.91
51446,0.7,3,5,3.57
42156,0.53,2,2,3.15
23157,1.21,2,6,4.24
24718,0.38,1,2,2.8
47095,0.53,0,5,3.16
40474,0.38,0,4,2.85
10626,1.0,4,2,3.94
48223,0.57,1,5,3.3
34930,0.32,6,2,2.7
34460,0.31,1,6,2.69
8496,0.86,3,4,3.78
44925,0.51,3,4,3.14
11186,1.0,0,3,3.95
9108,1.04,1,2,4.02
844,1.08,0,0,4.03
28879,0.31,0,2,2.69
3290,0.7,0,4,3.54
52888,0.84,3,3,3.8
15906,1.0,1,5,3.98
31356,0.27,2,1,2.57
10711,0.31,3,2,2.64
5050,0.31,4,2,2.75
16759,1.21,4,5,4.25
36645,0.43,2,2,3.06
43741,0.51,4,4,3.24
5045,0.4,5,2,2.94
37692,0.35,2,6,2.78
30654,0.33,0,2,2.73
40510,0.45,2,4,2.95
10008,0.9,1,5,3.87
39331,0.51,0,0,3.17
13878,1.14,0,3,4.13
37136,0.33,2,1,2.79
43494,0.54,1,2,3.21
12137,1.26,6,5,4.3
47723,0.56,4,4,3.23
49114,0.62,2,5,3.37
29252,0.32,3,7,2.71
36786,0.34,1,5,2.69
5928,0.92,1,3,3.87
50875,0.55,3,1,3.21
39403,0.41,3,7,2.97
51689,0.7,4,4,3.47
34228,0.4,4,2,2.93
51143,0.7,2,2,3.47
44974,0.32,5,4,2.74
9824,1.01,3,2,4.0
28349,0.33,3,4,2.68
48509,0.61,1,2,3.37
41697,0.54,3,2,3.2
45179,0.51,1,5,3.18
49016,0.5,2,7,3.17
30268,0.3,3,4,2.63
14338,1.0,3,5,3.99
13643,1.37,5,3,4.42
7204,0.86,0,5,3.83
12383,0.35,5,7,2.8
46019,0.53,1,5,3.27
32299,0.34,1,3,2.77
15824,1.01,2,5,3.94
41037,0.41,1,7,2.94
22465,2.01,6,3,5.01
3785,0.75,1,4,3.66
13148,1.01,3,5,3.99
33649,0.32,0,7,2.72
6661,0.7,0,4,3.48
45458,0.5,1,4,3.14
36789,0.34,1,5,2.8
38162,0.34,1,6,2.78
39852,0.38,1,7,2.87
23369,0.23,2,7,2.48
34304,0.34,2,6,2.79
39258,0.38,1,4,2.88
47267,0.51,3,7,3.17
20348,1.64,5,3,4.66
1539,0.72,0,2,3.54
587,0.72,1,2,3.53
51803,0.7,0,3,3.51
24466,1.32,2,7,4.31
23283,1.61,3,2,4.67
47351,0.5,0,5,3.17
4623,1.01,4,3,3.89
5476,1.12,5,3,4.23
30718,0.35,1,7,2.9
38592,0.55,4,3,3.29
53767,0.7,2,4,3.55
35337,0.32,3,1,2.72
31591,0.2,1,5,2.26
38652,0.42,0,2,2.97
37263,0.32,6,2,2.73
39549,0.32,3,6,2.72
2067,0.32,1,2,2.73
29068,0.4,1,2,2.9
47678,0.51,0,5,3.17
18745,1.24,3,5,4.25
40326,0.53,5,2,3.21
36854,0.33,0,4,2.73
47536,0.57,2,4,3.24
25305,2.19,3,2,5.23
4258,0.9,5,4,3.85
47781,0.76,6,2,3.67
37971,0.41,1,4,2.94
40599,0.38,2,0,2.89
51551,0.52,3,1,3.19
4033,1.0,2,2,3.95
53857,0.71,0,3,3.51
35281,0.3,4,3,2.72
27595,2.13,4,2,5.12
31395,0.45,3,3,2.97
29363,0.31,3,5,2.67
14889,1.2,3,2,4.15
31011,0.35,2,2,2.81
16424,1.3,2,3,4.34
9861,0.91,4,5,3.85
33873,0.3,1,5,2.69
39696,0.48,3,5,3.16
20391,0.31,3,4,2.69
8892,0.92,5,2,3.86
26714,0.32,2,5,2.74
47647,0.23,2,7,2.44
25153,1.3,1,7,4.28
8191,1.02,2,3,3.94
16338,1.1,3,5,4.05
6130,1.21,6,3,4.19
47725,0.56,3,7,3.29
30462,0.31,0,2,2.72
27320,2.01,4,2,5.05
22724,1.54,0,3,4.57
46447,0.56,1,4,3.26
29613,0.27,3,4,2.56
4204,1.04,3,3,4.05
15632,1.01,2,5,4.0
7179,1.11,3,3,4.1
25057,2.01,6,5,4.98
45041,0.54,4,7,3.24
33065,0.32,4,1,2.73
7616,1.01,0,3,3.81
37277,0.23,3,6,2.42
23504,1.51,5,6,4.52
11467,1.11,6,4,4.11
3139,0.72,2,4,3.59
13444,1.0,2,2,4.02
5820,1.04,1,3,3.99
37687,0.43,0,2,3.06
19822,1.51,4,3,4.58
13029,0.23,2,7,2.36
36986,0.51,4,3,3.17
7851,0.9,0,2,3.85
14322,1.14,3,2,4.09
53254,0.78,5,5,3.68
4725,0.33,5,2,2.75
36781,0.39,2,4,2.87
37822,0.33,0,5,2.77
11949,1.01,1,2,4.01
23062,1.7,2,3,4.79
47416,0.57,1,5,3.28
5712,0.25,2,7,2.53
30217,0.33,1,5,2.77
19387,1.2,3,4,4.19
44203,0.51,2,5,3.2
2391,0.32,1,2,2.74
7639,0.91,2,2,3.85
6218,0.89,1,2,3.83
4549,0.71,3,1,3.53
23056,1.5,4,4,4.53
25927,1.98,5,5,4.98
34843,0.3,3,7,2.65
26137,2.26,4,3,5.19
48673,0.74,6,5,3.54
6347,1.0,5,7,3.77
29807,0.3,0,2,2.71
52941,0.7,2,5,3.49
19575,1.51,6,4,4.51
26716,0.32,3,4,2.76
47118,0.62,4,4,3.41
40234,0.53,6,5,3.24
8504,1.17,5,3,4.22
49799,0.78,6,2,3.54
51278,0.58,1,4,3.29
33443,0.32,3,4,2.71
39431,0.41,2,4,2.96
3466,0.85,5,2,3.74
26918,2.04,5,2,5.04
26021,0.34,2,5,2.66
38716,0.42,1,7,2.94
51454,0.72,4,5,3.59
26811,2.01,5,5,4.97
2747,0.76,1,5,3.63
42846,0.41,2,6,2.92
43373,0.71,6,3,3.61
25569,1.12,1,6,4.13
46441,0.53,1,4,3.18
39273,0.25,2,6,2.43
44378,0.52,4,7,3.2
33189,0.34,3,6,2.78
11560,1.09,6,3,4.1
27853,0.3,1,5,2.69
37074,0.41,2,2,2.92
19742,1.51,5,2,4.61
51931,0.78,4,5,3.66
38437,0.49,3,2,3.13
46973,0.32,0,3,2.72
45531,0.54,3,4,3.18
36482,0.32,2,1,2.7
52727,0.73,0,3,3.58
37264,0.29,1,4,2.6
39673,0.42,3,5,2.99
26429,1.52,3,6,4.49
45750,0.7,5,3,3.54
23929,1.24,2,7,4.27
45813,0.53,2,5,3.19
16446,1.21,4,2,4.25
13826,1.2,5,5,4.22
50535,0.5,1,7,3.18
37059,0.43,3,2,2.95
50963,0.61,1,4,3.38
12837,1.08,3,2,4.06
18429,1.12,3,4,4.11
50431,0.71,2,2,3.57
40719,0.38,2,6,2.87
944,0.79,5,4,3.67
24794,1.71,4,2,4.71
45952,0.56,0,2,3.23
20380,0.31,2,5,2.69
14879,0.93,1,2,3.87
42306,0.41,0,7,2.96
10033,0.31,4,2,2.68
38425,0.51,3,3,3.09
53439,0.73,4,4,3.62
52970,0.4,6,2,2.94
14140,1.26,4,3,4.28
5128,0.91,2,3,3.8
52980,0.82,1,3,3.71
25850,3.0,6,3,5.5
31577,0.35,1,5,2.81
32044,0.31,2,6,2.65
7177,1.01,3,3,4.06
49713,0.5,1,6,3.16
35459,0.43,0,5,2.93
20094,1.41,3,2,4.46
23114,1.7,0,3,4.81
16906,1.5,6,3,4.62
44969,0.54,3,4,3.24
52288,0.58,2,7,3.36
45036,0.96,4,0,3.78
388,0.7,1,2,3.5
24532,1.52,0,2,4.5
29327,0.31,4,4,2.67
26124,2.04,1,3,5.03
11947,1.01,1,2,4.01
38994,0.5,6,5,3.17
46443,0.53,3,4,3.22
21043,0.31,4,7,2.66
51708,0.8,3,3,3.85
50775,0.52,1,7,3.2
35415,0.4,3,2,2.93
4545,1.0,3,3,4.0
11748,1.02,2,2,3.96
49695,0.51,3,1,3.2
39215,0.32,0,7,2.72
4917,0.7,3,1,3.53
32765,0.34,0,2,2.73
47292,0.3,3,3,2.66
16370,0.33,0,2,2.68
9346,1.02,0,3,3.88
42667,0.44,1,7,2.98
18469,1.51,0,3,4.53
29125,0.4,0,2,2.9
29488,0.32,1,5,2.75
44479,0.55,1,5,3.26
26305,1.7,1,2,4.68
5132,1.0,5,4,4.11
2186,0.8,2,2,3.67
22502,1.33,3,4,4.4
18099,1.37,6,7,4.32
17664,1.03,3,4,4.0
18100,1.52,2,3,4.56
38167,0.34,3,1,2.74
34478,0.38,1,5,2.84
53526,0.71,0,2,3.49
53383,0.7,2,2,3.54
3919,1.02,3,3,3.98
151,0.74,5,2,3.57
40873,0.5,4,5,3.28
43772,0.58,2,2,3.32
11032,1.0,3,2,3.95
4371,0.73,3,6,3.61
40934,0.24,1,6,2.53
23358,0.3,3,2,2.67
7735,0.34,2,2,2.79
46259,0.57,2,5,3.3
10483,0.9,2,2,3.85
28110,0.36,0,2,2.81
25636,2.15,5,3,5.14
16488,1.2,4,2,4.25
4609,0.9,1,3,3.84
42396,0.61,0,3,3.31
9624,1.2,4,2,4.26
49195,0.55,3,6,3.24
11294,1.0,4,5,3.88
18842,1.51,4,3,4.58
39137,0.41,3,5,2.96
37590,0.24,1,7,2.53
49249,0.71,0,2,3.32
26495,2.06,4,3,4.96
26471,1.53,1,5,4.52
20738,1.61,5,2,4.64
46423,0.51,0,5,3.16
5244,1.23,3,3,4.25
13834,1.2,2,2,4.24
53120,0.7,1,2,3.47
13150,1.08,3,2,4.08
24967,1.57,3,4,4.64
41352,0.43,4,5,3.02
50348,0.9,1,0,3.79
35403,0.32,2,4,2.71
26548,1.87,1,2,4.9
17514,1.25,5,4,4.24
14782,1.21,4,2,4.21
2421,0.91,6,3,3.85
41706,0.53,2,3,3.15
14619,1.01,2,5,4.02
43160,0.42,2,6,2.99
47450,0.53,0,5,3.22
11665,1.14,5,4,4.2
4328,1.01,2,3,3.91
25469,1.56,3,5,4.59
520,0.82,1,3,3.67
33991,0.42,3,5,2.99
27465,2.12,1,3,4.92
14216,1.05,0,2,3.98
4158,0.76,3,7,3.62
47939,0.6,1,5,3.3
11464,1.01,2,2,4.0
8438,1.23,3,3,4.12
51674,0.67,2,7,3.52
53886,0.7,0,5,3.38
10098,1.22,5,3,4.19
32991,0.38,5,5,2.85
27151,2.17,5,2,5.07
51522,0.72,2,2,3.57
22228,1.01,1,7,3.97
18585,1.56,4,3,4.49
49572,0.74,3,2,3.47
53345,0.7,1,2,3.52
2749,0.76,4,7,3.59
24959,2.0,4,2,5.08
24356,1.63,4,5,4.65
39951,0.33,0,3,2.75
1515,0.91,2,3,3.93
33127,0.31,1,7,2.68
20020,0.3,1,3,2.72
6280,1.01,5,4,4.0
45616,0.55,0,2,3.2
34237,0.4,0,3,2.91
9960,1.07,2,3,4.06
39503,0.54,6,2,3.22
20898,1.51,5,5,4.6
8007,0.9,4,5,3.82
7771,1.02,2,3,3.95
41893,0.5,1,2,3.13
48613,0.51,2,7,3.17
51900,0.7,3,5,3.48
40167,0.38,2,7,2.87
19561,1.5,3,3,4.66
1212,0.73,2,5,3.6
4964,0.9,3,2,3.89
29397,0.31,3,5,2.67
9583,0.9,2,5,3.84
43000,0.5,0,3,3.12
52711,0.74,1,3,3.52
8192,1.04,5,2,4.02
256,0.64,3,1,3.41
50437,0.72,5,2,3.54
36948,0.3,0,2,2.55
32766,0.34,0,2,2.75
13590,1.01,2,2,3.95
49149,0.57,1,4,3.28
29768,0.3,5,6,2.65
4752,1.02,2,3,4.02
5035,1.03,6,2,3.95
41375,0.51,2,2,3.23
64,0.42,5,3,2.96
31299,0.32,0,5,2.71
15735,1.32,3,3,4.38
24099,1.51,2,2,4.56
31725,0.33,1,5,2.7
6080,1.01,4,3,3.98
42196,0.58,3,5,3.36
820,0.81,1,3,3.65
33151,0.31,1,7,2.63
20952,1.07,3,7,4.09
19557,1.5,1,3,4.35
1437,0.9,4,2,3.87
48783,0.59,1,4,3.29
3403,0.4,6,4,2.99
37007,0.33,4,6,2.75
48595,0.7,4,3,3.59
596,0.72,2,4,3.47
11792,0.9,2,4,3.86
45661,0.5,3,4,3.12
44108,0.51,3,5,3.17
19383,1.47,6,7,4.51
25112,1.5,2,5,4.46
31903,0.3,3,4,2.67
11684,1.01,4,2,3.94
52718,0.57,2,6,3.31
17123,1.39,6,5,4.4
22782,1.67,5,4,4.7
29631,0.23,1,4,2.43
25193,2.07,1,3,5.04
12730,1.07,2,3,4.05
41188,0.51,4,5,3.15
52114,0.72,4,5,3.54
49093,0.62,0,2,3.41
5218,0.91,0,3,3.85
48736,0.78,4,3,3.63
16789,1.21,5,4,4.22
34035,0.3,3,7,2.67
51128,0.72,5,7,3.6
39482,0.41,1,4,2.97
33023,0.3,0,7,2.66
36634,0.41,0,2,3.0
9426,1.28,4,3,4.34
14967,1.05,3,5,4.02
10371,1.01,2,2,3.93
28152,0.3,4,6,2.65
5169,0.9,4,2,3.85
47663,0.23,1,7,2.47
12274,1.21,6,5,4.23
3655,0.85,1,3,3.74
3914,0.74,3,7,3.57
52582,0.59,0,7,3.36
29073,0.28,1,1,2.55
1944,0.81,4,5,3.7
10925,0.96,3,4,3.81
374,0.81,0,3,3.61
43864,0.5,3,5,3.11
40137,0.7,3,0,3.39
50374,0.7,2,5,3.46
4613,0.9,1,3,3.84
32709,0.31,2,5,2.69
13084,1.04,4,5,3.92
8477,1.01,2,3,3.94
2338,0.74,2,4,3.6
5080,0.91,5,5,3.86
22505,1.58,4,2,4.6
16961,1.12,3,5,4.13
34286,0.26,4,7,2.53
41300,0.38,1,6,2.87
16699,0.3,4,2,2.68
33276,0.28,4,4,2.62
48817,0.51,3,6,3.19
7917,1.09,5,3,4.02
40742,0.36,3,6,2.83
33413,0.32,4,7,2.7
44315,0.34,3,2,2.81
46661,0.51,0,5,3.15
656,0.7,1,5,3.5
10674,1.07,4,3,4.1
23500,2.0,6,3,5.04
31546,0.3,1,7,2.68
1038,0.91,6,2,3.87
21663,1.5,5,4,4.48
44885,0.5,1,5,3.18
39271,0.31,2,2,2.69
40525,0.58,6,5,3.23
6174,0.9,2,2,3.82
40009,0.41,2,5,2.98
53277,0.71,3,5,3.43
12656,1.25,6,5,4.27
40223,0.4,0,4,2.95
34890,0.35,2,5,2.78
46693,0.56,1,4,3.25
26403,2.01,4,2,5.03
30403,0.32,3,7,2.7
41172,0.4,3,6,2.91
10238,1.02,4,2,4.02
9626,1.0,4,5,3.96
21832,1.5,1,3,4.52
6958,0.8,3,7,3.71
41775,0.53,1,2,3.05
26576,2.01,4,3,4.91
31570,0.39,6,6,2.82
21638,1.5,5,5,4.57
31095,0.36,4,6,2.84
50031,0.54,2,7,3.18
10576,1.02,4,2,3.9
5094,1.03,3,3,4.01
20811,1.04,3,1,3.97
33586,0.37,2,4,2.89
18906,1.11,3,4,4.14
6445,1.01,3,3,3.78
31443,0.34,3,5,2.78
26697,0.31,3,3,2.69
37664,0.42,1,2,2.98
31648,0.28,1,4,2.53
32451,0.39,1,5,2.89
22688,0.36,2,5,2.81
45401,0.55,4,7,3.24
23529,1.5,1,2,4.5
35146,0.43,6,1,3.03
16872,1.02,1,5,4.02
45552,0.51,0,2,3.14
43566,0.51,0,2,3.17
12900,1.06,4,5,4.03
600,0.7,2,5,3.45
42412,0.48,2,5,3.15
47407,0.52,3,1,3.29
170,0.75,0,3,3.6
50417,0.71,4,2,3.43
4506,0.91,1,3,3.87
37580,0.35,0,4,2.83
17961,1.5,6,2,4.53
43951,0.31,2,2,2.72
45702,0.56,5,6,3.27
15779,1.15,3,2,4.18
618,0.79,3,5,3.59
37141,0.4,2,7,2.91
31646,0.39,6,3,2.92
9638,1.09,5,2,4.12
32473,0.33,3,6,2.71
6150,0.7,1,7,3.55
2231,0.72,1,5,3.54
32633,0.27,5,7,2.6
23643,1.45,2,5,4.48
805,0.83,3,2,3.73
44377,0.52,3,4,3.2
27923,0.4,6,4,2.95
37351,0.4,2,4,2.95
6157,0.73,2,6,3.58
22048,0.31,5,4,2.74
42368,0.51,1,2,3.21
34750,0.41,4,2,2.97
29011,0.34,4,7,2.77
17044,0.28,2,7,2.61
48782,0.52,1,4,3.19
4711,0.31,0,2,2.67
36842,0.37,2,5,2.78
2160,0.74,5,7,3.57
25685,0.37,0,2,2.87
30140,0.32,3,5,2.71
31444,0.34,3,5,2.74
45727,0.55,0,2,3.2
12636,1.0,2,2,3.93
25771,1.51,3,4,4.52
33524,0.35,1,4,2.81
52975,0.24,2,6,2.4
11922,1.09,4,2,4.1
50127,0.51,1,7,3.23
26749,2.22,5,3,5.22
40064,0.43,3,5,2.97
36915,0.41,3,4,2.92
43421,0.57,1,3,3.26
5247,0.9,0,3,3.9
43667,0.5,2,5,3.18
31474,0.34,4,4,2.76
50625,0.3,1,3,2.69
41181,0.4,0,4,2.93
15504,1.2,5,4,4.23
13588,1.01,4,5,3.99
37464,0.42,3,4,2.97
3346,0.62,3,1,3.35
9815,1.09,3,3,4.07
46593,0.54,2,5,3.19
35836,0.43,5,6,2.98
23456,1.53,4,5,4.5
48238,0.53,1,4,3.12
4307,0.99,4,5,4.2
30826,0.33,5,7,2.75
28219,0.33,3,4,2.7
25312,2.07,4,2,5.09
26994,2.07,3,3,5.07
4674,0.78,0,5,3.59
13684,1.01,3,5,4.0
6240,0.9,0,3,3.86
39742,0.43,2,7,3.0
5457,0.63,0,1,3.41
35010,0.4,2,2,2.9
8530,0.9,4,4,3.82
34964,0.31,3,5,2.68
27931,0.26,4,4,2.56
7601,0.92,1,2,3.9
41978,0.55,2,3,3.27
28577,0.3,4,4,2.67
39463,0.5,3,3,3.04
40565,0.41,3,6,2.88
28225,0.33,3,4,2.77
47258,0.5,3,6,3.12
18537,1.56,4,3,4.44
50606,0.61,1,4,3.37
38394,0.42,1,5,2.96
43385,0.55,2,2,3.1
53352,1.0,0,0,3.75
30028,0.43,1,2,3.03
778,0.83,1,3,3.64
4875,1.02,5,2,3.98
52522,0.58,3,1,3.29
18330,1.04,3,4,4.01
49768,0.5,2,7,3.15
37512,0.42,2,4,2.91
8197,1.2,4,3,4.27
44316,0.32,6,1,2.71
17005,1.15,4,5,4.17
35180,0.31,3,1,2.69
9105,1.05,5,5,4.07
32186,0.39,4,5,2.89
40374,0.39,2,1,2.89
4308,1.05,6,5,3.93
19479,1.7,4,3,4.79
38112,0.3,4,1,2.61
28332,0.33,3,4,2.77
32115,0.32,4,1,2.72
51778,0.61,3,1,3.4
21395,1.24,2,5,4.25
36430,0.31,0,5,2.71
41898,0.54,5,5,3.24
3357,0.92,5,2,3.9
30640,0.36,5,1,2.85
40854,0.5,3,2,3.17
50083,0.76,6,5,3.6
36805,0.3,3,1,2.7
38663,0.42,0,2,2.96
9244,1.01,4,5,3.97
35665,0.31,4,6,2.68
20567,1.51,1,3,4.39
12815,1.01,2,2,4.0
52019,0.73,4,4,3.48
51283,0.71,5,5,3.55
37656,0.42,2,2,2.96
26147,2.0,4,3,4.91
51792,0.7,1,5,3.6
48203,0.53,3,7,3.22
23181,1.7,5,5,4.59
28717,0.45,1,3,3.07
51475,0.78,5,2,3.62
43348,0.37,2,6,2.8
27987,0.3,1,5,2.66
6361,0.32,5,5,2.73
48684,0.7,6,4,3.47
17395,0.32,0,3,2.74
51959,0.56,3,1,3.26
33478,0.32,2,5,2.72
27610,2.16,5,5,5.0
45226,0.7,6,4,3.54
49928,0.7,2,3,3.48
30670,0.4,2,2,2.94
51802,0.7,5,7,3.54
50434,0.77,5,5,3.66
6603,1.0,2,3,3.96
49621,0.32,2,3,2.75
23450,1.59,4,5,4.57
47815,0.57,2,7,3.4
19931,1.34,1,5,4.21
1011,0.72,0,4,3.55
47,0.32,4,3,2.79
18377,0.29,1,7,2.64
9883,1.09,0,3,4.16
38964,0.27,3,5,2.56
30271,0.31,4,2,2.61
29374,0.31,1,2,2.74
17519,1.21,4,4,4.17
2365,1.0,6,2,4.08
3685,0.9,4,2,3.82
27065,2.74,4,3,5.61
18202,1.52,4,3,4.62
46672,0.59,3,5,3.35
36612,0.32,3,2,2.71
41520,0.43,2,4,3.0
22519,1.26,3,7,4.27
28167,0.32,3,4,2.75
39739,0.35,3,7,2.82
40257,0.4,4,7,2.92
10677,1.21,6,5,4.13
44188,0.51,0,2,3.14
13015,1.13,0,3,4.14
46083,0.6,1,2,3.35
23360,0.26,3,5,2.55
18514,1.17,3,5,4.17
43521,0.5,3,5,3.18
44755,0.52,0,5,3.16
22053,1.16,3,1,4.16
36313,0.32,4,6,2.75
49403,0.52,1,4,3.2
23551,1.51,2,2,4.45
32316,0.3,3,6,2.68
10303,1.0,5,5,3.9
9394,1.0,2,2,4.04
26041,1.91,3,2,4.97
23285,1.65,0,2,4.59
49683,0.52,2,1,3.3
27380,0.35,4,2,2.86
4344,0.72,1,5,3.54
36077,0.4,1,5,2.99
49265,0.58,2,4,3.32
10760,1.01,1,2,4.15
36607,0.32,3,2,2.73
1555,0.65,0,7,3.39
52953,0.24,2,6,2.4
48908,0.54,3,6,3.23
34327,0.48,6,4,3.13
1564,0.55,2,6,3.26
6087,0.91,1,2,3.86
18000,1.01,3,6,4.02
19316,1.01,3,7,3.98
32245,0.31,4,1,2.68
4468,0.72,0,4,3.57
35441,0.32,1,5,2.73
24042,0.43,2,3,2.88
12703,0.26,1,6,2.55
12625,1.05,4,5,4.06
23475,1.07,1,1,3.95
12172,1.18,6,4,4.2
22832,1.51,2,2,4.52
42457,0.5,3,5,3.02
38678,0.3,0,7,2.66
11504,1.0,5,5,3.94
13199,1.02,2,2,3.98
21579,1.7,4,3,4.87
34941,0.24,1,4,2.46
14556,1.0,0,2,3.95
560,0.79,3,2,3.66
15402,1.02,3,5,4.04
44295,0.52,3,5,3.21
40639,0.41,1,4,2.93
23781,1.73,5,4,4.81
32298,0.34,1,3,2.76
34049,0.36,0,2,2.79
18706,0.27,1,7,2.58
34671,0.31,1,5,2.7
26596,2.04,4,3,4.91
53187,0.55,3,6,3.23
20151,1.03,3,6,4.01
23613,1.51,3,5,4.53
7599,1.01,2,3,3.96
34064,0.36,0,2,2.86
20505,1.51,1,2,4.62
27233,2.0,4,2,5.06
13790,1.0,3,5,4.01
10095,0.9,0,5,3.87
10845,1.16,4,3,4.1
31924,0.3,3,4,2.67
35439,0.32,1,5,2.73
23682,1.71,0,3,4.72
33059,0.3,2,6,2.67
35296,0.3,4,5,2.65
10244,1.0,2,3,3.98
9135,1.1,4,3,4.13
49662,0.71,5,5,3.53
3010,1.0,0,3,4.01
27737,2.05,2,3,5.0
12221,1.0,2,2,3.97
50359,0.72,3,2,3.51
37987,0.39,3,6,2.92
45212,0.51,1,5,3.15
13121,1.01,1,2,3.97
49870,0.53,2,7,3.24
45418,0.55,1,2,3.24
13787,1.04,2,2,4.03
29078,0.23,0,7,2.35
26175,1.55,3,7,4.6
29857,0.3,0,5,2.65
29525,0.38,5,4,2.88
21877,1.5,4,2,4.62
932,0.9,4,3,3.79
34753,0.41,4,2,2.88
14939,0.9,1,5,3.85
1773,0.75,0,2,3.58
39848,0.38,1,7,2.87
32743,0.32,2,6,2.71
1908,1.0,4,3,4.02
50856,0.78,2,3,3.75
33110,0.31,1,4,2.69
38481,0.42,0,5,2.96
42835,0.41,2,6,2.86
36064,0.38,1,4,2.89
28273,0.24,1,5,2.5
41137,0.5,3,2,3.21
3744,0.3,2,4,2.65
25218,1.51,2,5,4.51
34548,0.46,1,3,3.06
34389,0.41,2,5,2.96
7372,0.71,0,7,3.53
8125,1.02,6,5,4.03
42982,0.41,3,1,2.93
12025,1.11,1,3,4.18
4902,0.96,3,3,3.9
52432,0.7,5,6,3.53
5830,0.77,2,7,3.58
48088,0.63,2,2,3.36
12934,1.11,2,2,4.06
16148,1.09,4,5,4.11
53132,0.72,0,3,3.56
26610,2.05,3,3,4.96
6018,0.9,4,4,3.87
12130,0.93,4,4,3.86
20419,1.58,4,3,4.62
31914,0.3,3,4,2.68
10345,1.01,4,5,3.97
45194,0.51,1,5,3.16
9998,1.0,0,2,3.94
53226,0.8,1,3,3.52
31344,0.27,2,7,2.57
38013,0.5,3,3,3.19
10802,1.06,2,2,4.03
17826,1.51,4,5,4.0
45480,0.51,0,5,3.19
29571,0.41,1,2,2.86
45473,0.5,1,5,3.17
26804,2.4,6,2,5.36
6102,0.9,3,5,3.87
25917,2.08,4,3,5.06
1540,0.7,0,4,3.47
32137,0.31,3,1,2.74
42358,0.5,4,5,3.17
40529,0.54,4,2,3.26
11035,1.09,4,2,4.16
19420,1.12,2,5,4.14
47027,0.56,4,6,3.29
8412,1.04,4,3,4.03
46734,0.58,2,5,3.28
52843,0.7,0,3,3.49
4884,1.01,2,3,3.86
26310,2.03,2,3,4.94
3159,0.72,4,7,3.55
49181,0.72,5,7,3.56
30159,0.4,0,2,2.95
32733,0.31,2,5,2.75
38646,0.44,4,5,3.0
12217,1.1,5,4,4.04
41515,0.44,0,4,3.01
33673,0.3,1,7,2.63
22634,1.21,3,4,4.23
30346,0.33,0,4,2.71
41230,0.43,0,4,2.99
